/* *****************************************************
 * Copyright Regione Piemonte - 2025
 * SPDX-License-Identifier: EUPL-1.2-or-later
 ******************************************************/

-- Popolamento tabelle di configurazione (BASE) ------------------------------

-- risca_d_configurazione
-- risca_d_fonte
-- risca_d_tipo_messaggio
-- risca_d_messaggio
-- risca_d_tipo_componente_dt
-- risca_d_mappa_fonte_esterna
-- risca_d_profilo_pa
-- risca_d_tipo_area_competenza

-- risca_d_configurazione
INSERT INTO risca_d_configurazione (chiave, valore, note, gest_data_ins, gest_attore_ins, gest_data_upd, gest_attore_upd, gest_uid) VALUES('RISCA_ACTA.client_application_info', 'xxxxx', 'Stringa alfanumerica che identifica univocamente l’applicativo RISCA in ACTA',                current_timestamp, 'SISTEMA', current_timestamp, 'SISTEMA', gen_random_uuid ());
INSERT INTO risca_d_configurazione (chiave, valore, note, gest_data_ins, gest_attore_ins, gest_data_upd, gest_attore_upd, gest_uid) VALUES('RISCA_ACTA.codice_fiscale', 'xxxxx', 'Codice fiscale dell’utente applicativo RISCA in ACTA',                                                 current_timestamp, 'SISTEMA', current_timestamp, 'SISTEMA', gen_random_uuid ());
INSERT INTO risca_d_configurazione (chiave, valore, note, gest_data_ins, gest_attore_ins, gest_data_upd, gest_attore_upd, gest_uid) VALUES('RISCA_ACTA.data_creazione_repository_id', 'xxxxx', 'data creazione repository id',                                                           current_timestamp, 'SISTEMA', current_timestamp, 'SISTEMA', gen_random_uuid ());
INSERT INTO risca_d_configurazione (chiave, valore, note, gest_data_ins, gest_attore_ins, gest_data_upd, gest_attore_upd, gest_uid) VALUES('RISCA_ACTA.orario_get_repository_id', 'xxxxx', '	IL timer in formato(HH:mm:ss) per il lancio della verificazione del repository Id (acta)', current_timestamp, 'SISTEMA', current_timestamp, 'SISTEMA', gen_random_uuid ());
INSERT INTO risca_d_configurazione (chiave, valore, note, gest_data_ins, gest_attore_ins, gest_data_upd, gest_attore_upd, gest_uid) VALUES('RISCA_ACTA.repository_id', 'xxxxx', 'repository id',                                                                                         current_timestamp, 'SISTEMA', current_timestamp, 'SISTEMA', gen_random_uuid ());
INSERT INTO risca_d_configurazione (chiave, valore, note, gest_data_ins, gest_attore_ins, gest_data_upd, gest_attore_upd, gest_uid) VALUES('RISCA_ACTA.repository_name', 'xxxxx', 'Nome identificativo del repository (Ente) in ACTA',                                                   current_timestamp, 'SISTEMA', current_timestamp, 'SISTEMA', gen_random_uuid ());
INSERT INTO risca_d_configurazione (chiave, valore, note, gest_data_ins, gest_attore_ins, gest_data_upd, gest_attore_upd, gest_uid) VALUES('RISCA_APIMAN_CONSUMERKEY', 'xxxxx', 'Chiave per creazione token su ApiManager per fruizione servizi SCRIVA',                                 current_timestamp, 'SISTEMA', current_timestamp, 'SISTEMA', gen_random_uuid ());
INSERT INTO risca_d_configurazione (chiave, valore, note, gest_data_ins, gest_attore_ins, gest_data_upd, gest_attore_upd, gest_uid) VALUES('RISCA_APIMAN_CONSUMERSECRET', 'xxxxx', 'Secret per creazione token su ApiManager per fruizione servizi SCRIVA',                              current_timestamp, 'SISTEMA', current_timestamp, 'SISTEMA', gen_random_uuid ());
INSERT INTO risca_d_configurazione (chiave, valore, note, gest_data_ins, gest_attore_ins, gest_data_upd, gest_attore_upd, gest_uid) VALUES('RISCABATCHSPAZ.db.bollettazione.outputdati', 'xxxxx', 'Periodo di ritenzione in giorni per tabella risca_w_output_dati',                     current_timestamp, 'SISTEMA', current_timestamp, 'SISTEMA', gen_random_uuid ());
INSERT INTO risca_d_configurazione (chiave, valore, note, gest_data_ins, gest_attore_ins, gest_data_upd, gest_attore_upd, gest_uid) VALUES('RISCABATCHSPAZ.db.elabora.registrazioni', 'xxxxx', 'Periodo di ritenzione in giorni per tabella risca_r_registro_elabora',                   current_timestamp, 'SISTEMA', current_timestamp, 'SISTEMA', gen_random_uuid ());
INSERT INTO risca_d_configurazione (chiave, valore, note, gest_data_ins, gest_attore_ins, gest_data_upd, gest_attore_upd, gest_uid) VALUES('RISCABATCHSPAZ.fs.download', 'xxxxx', 'Periodo di ritenzione in giorni per file system download',                                            current_timestamp, 'SISTEMA', current_timestamp, 'SISTEMA', gen_random_uuid ());
INSERT INTO risca_d_configurazione (chiave, valore, note, gest_data_ins, gest_attore_ins, gest_data_upd, gest_attore_upd, gest_uid) VALUES('RISCA_DATABASE_AGGIORNAMENTO', 'xxxxx', 'Data aggiornamento struttura DB',                                                                   current_timestamp, 'SISTEMA', current_timestamp, 'SISTEMA', gen_random_uuid ());
INSERT INTO risca_d_configurazione (chiave, valore, note, gest_data_ins, gest_attore_ins, gest_data_upd, gest_attore_upd, gest_uid) VALUES('RISCA_DATABASE_VERSIONE', 'risca_2.1.0', 'Versione corrente della struttura DB',                                                             current_timestamp, 'SISTEMA', current_timestamp, 'SISTEMA', gen_random_uuid ());
INSERT INTO risca_d_configurazione (chiave, valore, note, gest_data_ins, gest_attore_ins, gest_data_upd, gest_attore_upd, gest_uid) VALUES('RISCA_FO.link_errore_accesso', 'xxxxx', 'link presente nella pagina di accesso a FO se non vi sono ariscossioni per l''utente',              current_timestamp, 'SISTEMA', current_timestamp, 'SISTEMA', gen_random_uuid ());
INSERT INTO risca_d_configurazione (chiave, valore, note, gest_data_ins, gest_attore_ins, gest_data_upd, gest_attore_upd, gest_uid) VALUES('RISCA_FTP_RUPAR_password', 'xxxxx', 'password area FTP',                                                                                     current_timestamp, 'SISTEMA', current_timestamp, 'SISTEMA', gen_random_uuid ());
INSERT INTO risca_d_configurazione (chiave, valore, note, gest_data_ins, gest_attore_ins, gest_data_upd, gest_attore_upd, gest_uid) VALUES('RISCA_FTP_RUPAR_url', 'xxxxx', 'url area FTP',                                                                                               current_timestamp, 'SISTEMA', current_timestamp, 'SISTEMA', gen_random_uuid ());
INSERT INTO risca_d_configurazione (chiave, valore, note, gest_data_ins, gest_attore_ins, gest_data_upd, gest_attore_upd, gest_uid) VALUES('RISCA_FTP_RUPAR_username', 'xxxxx', 'utente area FTP',                                                                                       current_timestamp, 'SISTEMA', current_timestamp, 'SISTEMA', gen_random_uuid ());
INSERT INTO risca_d_configurazione (chiave, valore, note, gest_data_ins, gest_attore_ins, gest_data_upd, gest_attore_upd, gest_uid) VALUES('RISCA_FTP_SORIS_password', 'xxxxx', 'password area FTP',                                                                                     current_timestamp, 'SISTEMA', current_timestamp, 'SISTEMA', gen_random_uuid ());
INSERT INTO risca_d_configurazione (chiave, valore, note, gest_data_ins, gest_attore_ins, gest_data_upd, gest_attore_upd, gest_uid) VALUES('RISCA_FTP_SORIS_url', 'xxxxx', 'url area FTP',                                                                                               current_timestamp, 'SISTEMA', current_timestamp, 'SISTEMA', gen_random_uuid ());
INSERT INTO risca_d_configurazione (chiave, valore, note, gest_data_ins, gest_attore_ins, gest_data_upd, gest_attore_upd, gest_uid) VALUES('RISCA_FTP_SORIS_username', 'xxxxx', 'utente area FTP',                                                                                       current_timestamp, 'SISTEMA', current_timestamp, 'SISTEMA', gen_random_uuid ());
INSERT INTO risca_d_configurazione (chiave, valore, note, gest_data_ins, gest_attore_ins, gest_data_upd, gest_attore_upd, gest_uid) VALUES('RISCA_NOTIFIER.token', 'xxxxx', 'Token da usare nelle richieste di invio messaggi verso APP IO tramite Notificatore',                        current_timestamp, 'SISTEMA', current_timestamp, 'SISTEMA', gen_random_uuid ());
INSERT INTO risca_d_configurazione (chiave, valore, note, gest_data_ins, gest_attore_ins, gest_data_upd, gest_attore_upd, gest_uid) VALUES('RISCA_PAGAMPOSTE.archivio_bollettini', 'xxxxx', NULL,                                                                                        current_timestamp, 'SISTEMA', current_timestamp, 'SISTEMA', gen_random_uuid ());
INSERT INTO risca_d_configurazione (chiave, valore, note, gest_data_ins, gest_attore_ins, gest_data_upd, gest_attore_upd, gest_uid) VALUES('RISCA_PAGOPA.password', 'xxxxx', NULL,                                                                                                       current_timestamp, 'SISTEMA', current_timestamp, 'SISTEMA', gen_random_uuid ());
INSERT INTO risca_d_configurazione (chiave, valore, note, gest_data_ins, gest_attore_ins, gest_data_upd, gest_attore_upd, gest_uid) VALUES('RISCA_PAGOPA_REST.password', 'xxxxx', '',                                                                                                    current_timestamp, 'SISTEMA', current_timestamp, 'SISTEMA', gen_random_uuid ());
INSERT INTO risca_d_configurazione (chiave, valore, note, gest_data_ins, gest_attore_ins, gest_data_upd, gest_attore_upd, gest_uid) VALUES('RISCA_PAGOPA_REST.username', 'xxxxx', '',                                                                                                    current_timestamp, 'SISTEMA', current_timestamp, 'SISTEMA', gen_random_uuid ());
INSERT INTO risca_d_configurazione (chiave, valore, note, gest_data_ins, gest_attore_ins, gest_data_upd, gest_attore_upd, gest_uid) VALUES('RISCA_PAGOPA.username', 'xxxxx', NULL,                                                                                                       current_timestamp, 'SISTEMA', current_timestamp, 'SISTEMA', gen_random_uuid ());
INSERT INTO risca_d_configurazione (chiave, valore, note, gest_data_ins, gest_attore_ins, gest_data_upd, gest_attore_upd, gest_uid) VALUES('RISCA_SERVIZI.pwd', 'xxxxx', 'Password con cui i batch si presentano ai servizi',                                                            current_timestamp, 'SISTEMA', current_timestamp, 'SISTEMA', gen_random_uuid ());
INSERT INTO risca_d_configurazione (chiave, valore, note, gest_data_ins, gest_attore_ins, gest_data_upd, gest_attore_upd, gest_uid) VALUES('RISCA_STARDAS.cod_applicazione', 'xxxxx', 'E'' il codice applicazione assegnato da STARDAS',                                                 current_timestamp, 'SISTEMA', current_timestamp, 'SISTEMA', gen_random_uuid ());
INSERT INTO risca_d_configurazione (chiave, valore, note, gest_data_ins, gest_attore_ins, gest_data_upd, gest_attore_upd, gest_uid) VALUES('RISCA_STARDAS.cod_fiscale_ente', 'xxxxx', 'Codice fiscale dell’ente cui afferiscono i documenti da archiviare tramite STARDAS',              current_timestamp, 'SISTEMA', current_timestamp, 'SISTEMA', gen_random_uuid ());
INSERT INTO risca_d_configurazione (chiave, valore, note, gest_data_ins, gest_attore_ins, gest_data_upd, gest_attore_upd, gest_uid) VALUES('RISCA_STARDAS.cod_fruitore', 'xxxxx', 'E'' il codice fruitore assegnato da STARDAS',                                                         current_timestamp, 'SISTEMA', current_timestamp, 'SISTEMA', gen_random_uuid ());
INSERT INTO risca_d_configurazione (chiave, valore, note, gest_data_ins, gest_attore_ins, gest_data_upd, gest_attore_upd, gest_uid) VALUES('RISCA_STARDAS.tipo_doc_bollette', 'xxxxx', 'E'' il tipo documento dei documenti da archiviare su ACTA tramite STARDAS',                      current_timestamp, 'SISTEMA', current_timestamp, 'SISTEMA', gen_random_uuid ());


-- risca_d_fonte
INSERT INTO risca_d_fonte (id_fonte, cod_fonte, des_fonte, chiave_sottoscrizione, gest_data_ins, gest_attore_ins, gest_data_upd, gest_attore_upd, gest_uid) VALUES(1, 'RISCA', 'Sistema Riscossione Canoni', NULL, current_timestamp, 'SISTEMA', current_timestamp, 'SISTEMA', gen_random_uuid ());
INSERT INTO risca_d_fonte (id_fonte, cod_fonte, des_fonte, chiave_sottoscrizione, gest_data_ins, gest_attore_ins, gest_data_upd, gest_attore_upd, gest_uid) VALUES(2, 'SCRIVA', 'Sistema delle Scrivanie', NULL,   current_timestamp, 'SISTEMA', current_timestamp, 'SISTEMA', gen_random_uuid ());


-- risca_d_tipo_messaggio
INSERT INTO risca_d_tipo_messaggio (id_tipo_messaggio, cod_tipo_messaggio, des_tipo_messaggio, gest_data_ins, gest_attore_ins, gest_data_upd, gest_attore_upd, gest_uid) VALUES(1, 'P', 'Messaggi feedback positivo',               current_timestamp, 'SISTEMA', current_timestamp, 'SISTEMA', gen_random_uuid ());
INSERT INTO risca_d_tipo_messaggio (id_tipo_messaggio, cod_tipo_messaggio, des_tipo_messaggio, gest_data_ins, gest_attore_ins, gest_data_upd, gest_attore_upd, gest_uid) VALUES(2, 'E', 'Messaggi di errore',                       current_timestamp, 'SISTEMA', current_timestamp, 'SISTEMA', gen_random_uuid ());
INSERT INTO risca_d_tipo_messaggio (id_tipo_messaggio, cod_tipo_messaggio, des_tipo_messaggio, gest_data_ins, gest_attore_ins, gest_data_upd, gest_attore_upd, gest_uid) VALUES(3, 'A', 'Messaggio di avviso legato ad un’azione ', current_timestamp, 'SISTEMA', current_timestamp, 'SISTEMA', gen_random_uuid ());
INSERT INTO risca_d_tipo_messaggio (id_tipo_messaggio, cod_tipo_messaggio, des_tipo_messaggio, gest_data_ins, gest_attore_ins, gest_data_upd, gest_attore_upd, gest_uid) VALUES(4, 'I', 'Messaggi Informativi',                     current_timestamp, 'SISTEMA', current_timestamp, 'SISTEMA', gen_random_uuid ());
INSERT INTO risca_d_tipo_messaggio (id_tipo_messaggio, cod_tipo_messaggio, des_tipo_messaggio, gest_data_ins, gest_attore_ins, gest_data_upd, gest_attore_upd, gest_uid) VALUES(5, 'F', 'Messaggi di controllo formale',            current_timestamp, 'SISTEMA', current_timestamp, 'SISTEMA', gen_random_uuid ());
INSERT INTO risca_d_tipo_messaggio (id_tipo_messaggio, cod_tipo_messaggio, des_tipo_messaggio, gest_data_ins, gest_attore_ins, gest_data_upd, gest_attore_upd, gest_uid) VALUES(6, 'C', 'Messaggi di errore calcolo canone',        current_timestamp, 'SISTEMA', current_timestamp, 'SISTEMA', gen_random_uuid ());
INSERT INTO risca_d_tipo_messaggio (id_tipo_messaggio, cod_tipo_messaggio, des_tipo_messaggio, gest_data_ins, gest_attore_ins, gest_data_upd, gest_attore_upd, gest_uid) VALUES(7, 'U', 'Messaggio relativo ad abilitazione utente',current_timestamp, 'SISTEMA', current_timestamp, 'SISTEMA', gen_random_uuid ());

-- risca_d_messaggio
INSERT INTO risca_d_messaggio (id_messaggio, id_tipo_messaggio, cod_messaggio, des_testo_messaggio, gest_data_ins, gest_attore_ins, gest_data_upd, gest_attore_upd, gest_uid) VALUES(1, 1, 'P001', 'I dati sono stati salvati correttamente.', current_timestamp, 'SISTEMA', current_timestamp, 'SISTEMA', gen_random_uuid ());
INSERT INTO risca_d_messaggio (id_messaggio, id_tipo_messaggio, cod_messaggio, des_testo_messaggio, gest_data_ins, gest_attore_ins, gest_data_upd, gest_attore_upd, gest_uid) VALUES(2, 1, 'P002', 'I dati sono stati cancellati correttamente.', current_timestamp, 'SISTEMA', current_timestamp, 'SISTEMA', gen_random_uuid ());
INSERT INTO risca_d_messaggio (id_messaggio, id_tipo_messaggio, cod_messaggio, des_testo_messaggio, gest_data_ins, gest_attore_ins, gest_data_upd, gest_attore_upd, gest_uid) VALUES(3, 1, 'P006', 'Il calcolo del canone è stato effettuato', current_timestamp, 'SISTEMA', current_timestamp, 'SISTEMA', gen_random_uuid ());
INSERT INTO risca_d_messaggio (id_messaggio, id_tipo_messaggio, cod_messaggio, des_testo_messaggio, gest_data_ins, gest_attore_ins, gest_data_upd, gest_attore_upd, gest_uid) VALUES(4, 2, 'E001', 'Attenzione: compila tutti i campi obbligatori.', current_timestamp, 'SISTEMA', current_timestamp, 'SISTEMA', gen_random_uuid ());
INSERT INTO risca_d_messaggio (id_messaggio, id_tipo_messaggio, cod_messaggio, des_testo_messaggio, gest_data_ins, gest_attore_ins, gest_data_upd, gest_attore_upd, gest_uid) VALUES(5, 2, 'E002', 'Attenzione: indica tutti i criteri di ricerca e seleziona “cerca”.', current_timestamp, 'SISTEMA', current_timestamp, 'SISTEMA', gen_random_uuid ());
INSERT INTO risca_d_messaggio (id_messaggio, id_tipo_messaggio, cod_messaggio, des_testo_messaggio, gest_data_ins, gest_attore_ins, gest_data_upd, gest_attore_upd, gest_uid) VALUES(6, 2, 'E003', 'I dati inseriti non sono formalmente corretti', current_timestamp, 'SISTEMA', current_timestamp, 'SISTEMA', gen_random_uuid ());
INSERT INTO risca_d_messaggio (id_messaggio, id_tipo_messaggio, cod_messaggio, des_testo_messaggio, gest_data_ins, gest_attore_ins, gest_data_upd, gest_attore_upd, gest_uid) VALUES(7, 2, 'E004', 'Attenzione: prima di proseguire cerca e inserisci almeno un SOGGETTO. ', current_timestamp, 'SISTEMA', current_timestamp, 'SISTEMA', gen_random_uuid ());
INSERT INTO risca_d_messaggio (id_messaggio, id_tipo_messaggio, cod_messaggio, des_testo_messaggio, gest_data_ins, gest_attore_ins, gest_data_upd, gest_attore_upd, gest_uid) VALUES(8, 2, 'E005', 'Errore inaspettato nella gestione della richiesta. Riprova a breve.', current_timestamp, 'SISTEMA', current_timestamp, 'SISTEMA', gen_random_uuid ());
INSERT INTO risca_d_messaggio (id_messaggio, id_tipo_messaggio, cod_messaggio, des_testo_messaggio, gest_data_ins, gest_attore_ins, gest_data_upd, gest_attore_upd, gest_uid) VALUES(9, 2, 'E006', 'Attenzione: per questa tipo di allegato è richiesto l’inserimento obbligatorio di una nota, si prega di provvedere ad inserire l’informazione richiesta.', current_timestamp, 'SISTEMA', current_timestamp, 'SISTEMA', gen_random_uuid ());
INSERT INTO risca_d_messaggio (id_messaggio, id_tipo_messaggio, cod_messaggio, des_testo_messaggio, gest_data_ins, gest_attore_ins, gest_data_upd, gest_attore_upd, gest_uid) VALUES(10, 2, 'E007', 'Attenzione: l’allegato che stai caricando ha estensione non prevista. Ti preghiamo di caricarlo in uno dei formati previsti.', current_timestamp, 'SISTEMA', current_timestamp, 'SISTEMA', gen_random_uuid ());
INSERT INTO risca_d_messaggio (id_messaggio, id_tipo_messaggio, cod_messaggio, des_testo_messaggio, gest_data_ins, gest_attore_ins, gest_data_upd, gest_attore_upd, gest_uid) VALUES(11, 2, 'E008', 'Attenzione: la connessione dati che stai usando per caricare l’allegato non riesce a completare l’operazione di caricamento nel tempo previsto. Ti preghiamo di ridurre il peso dell’allegato o di utilizzare una connessione dati più veloce.', current_timestamp, 'SISTEMA', current_timestamp, 'SISTEMA', gen_random_uuid ());
INSERT INTO risca_d_messaggio (id_messaggio, id_tipo_messaggio, cod_messaggio, des_testo_messaggio, gest_data_ins, gest_attore_ins, gest_data_upd, gest_attore_upd, gest_uid) VALUES(12, 2, 'E009', 'Attenzione: la denominazione dell’allegato che stai caricando è già stata usata per un documento caricato in precedenza. Ti preghiamo di rinominarlo e di ricaricare l’allegato.', current_timestamp, 'SISTEMA', current_timestamp, 'SISTEMA', gen_random_uuid ());
INSERT INTO risca_d_messaggio (id_messaggio, id_tipo_messaggio, cod_messaggio, des_testo_messaggio, gest_data_ins, gest_attore_ins, gest_data_upd, gest_attore_upd, gest_uid) VALUES(13, 2, 'E010', 'Attenzione: l’abilitazione risulta già revocata', current_timestamp, 'SISTEMA', current_timestamp, 'SISTEMA', gen_random_uuid ());
INSERT INTO risca_d_messaggio (id_messaggio, id_tipo_messaggio, cod_messaggio, des_testo_messaggio, gest_data_ins, gest_attore_ins, gest_data_upd, gest_attore_upd, gest_uid) VALUES(14, 2, 'E011', 'Attenzione: non sei autorizzato a revocare l’abilitazione', current_timestamp, 'SISTEMA', current_timestamp, 'SISTEMA', gen_random_uuid ());
INSERT INTO risca_d_messaggio (id_messaggio, id_tipo_messaggio, cod_messaggio, des_testo_messaggio, gest_data_ins, gest_attore_ins, gest_data_upd, gest_attore_upd, gest_uid) VALUES(15, 2, 'E012', 'Attenzione: non è stato selezionato nessun comune di competenza dell’ente [{PH_AC}].', current_timestamp, 'SISTEMA', current_timestamp, 'SISTEMA', gen_random_uuid ());
INSERT INTO risca_d_messaggio (id_messaggio, id_tipo_messaggio, cod_messaggio, des_testo_messaggio, gest_data_ins, gest_attore_ins, gest_data_upd, gest_attore_upd, gest_uid) VALUES(16, 2, 'E013', 'Il soggetto delegato è già stato revocato', current_timestamp, 'SISTEMA', current_timestamp, 'SISTEMA', gen_random_uuid ());
INSERT INTO risca_d_messaggio (id_messaggio, id_tipo_messaggio, cod_messaggio, des_testo_messaggio, gest_data_ins, gest_attore_ins, gest_data_upd, gest_attore_upd, gest_uid) VALUES(17, 2, 'E014', 'Attenzione: non sei autorizzato a revocare la delega', current_timestamp, 'SISTEMA', current_timestamp, 'SISTEMA', gen_random_uuid ());
INSERT INTO risca_d_messaggio (id_messaggio, id_tipo_messaggio, cod_messaggio, des_testo_messaggio, gest_data_ins, gest_attore_ins, gest_data_upd, gest_attore_upd, gest_uid) VALUES(18, 2, 'E015', 'Attenzione codice utenza già presente nel sistema', current_timestamp, 'SISTEMA', current_timestamp, 'SISTEMA', gen_random_uuid ());
INSERT INTO risca_d_messaggio (id_messaggio, id_tipo_messaggio, cod_messaggio, des_testo_messaggio, gest_data_ins, gest_attore_ins, gest_data_upd, gest_attore_upd, gest_uid) VALUES(19, 2, 'E016', 'Attenzione numero pratica già presente nel sistema', current_timestamp, 'SISTEMA', current_timestamp, 'SISTEMA', gen_random_uuid ());
INSERT INTO risca_d_messaggio (id_messaggio, id_tipo_messaggio, cod_messaggio, des_testo_messaggio, gest_data_ins, gest_attore_ins, gest_data_upd, gest_attore_upd, gest_uid) VALUES(20, 2, 'E017', 'La data inizio concessione deve essere minore della data scadenza concessione', current_timestamp, 'SISTEMA', current_timestamp, 'SISTEMA', gen_random_uuid ());
INSERT INTO risca_d_messaggio (id_messaggio, id_tipo_messaggio, cod_messaggio, des_testo_messaggio, gest_data_ins, gest_attore_ins, gest_data_upd, gest_attore_upd, gest_uid) VALUES(21, 2, 'E018', 'La data inizio sospensione deve essere minore della data scadenza sospensione', current_timestamp, 'SISTEMA', current_timestamp, 'SISTEMA', gen_random_uuid ());
INSERT INTO risca_d_messaggio (id_messaggio, id_tipo_messaggio, cod_messaggio, des_testo_messaggio, gest_data_ins, gest_attore_ins, gest_data_upd, gest_attore_upd, gest_uid) VALUES(22, 2, 'E019', 'Attenzione il codice progressivo utenza per le pratiche Ordinarie deve essere compreso tra 1 e 9.999', current_timestamp, 'SISTEMA', current_timestamp, 'SISTEMA', gen_random_uuid ());
INSERT INTO risca_d_messaggio (id_messaggio, id_tipo_messaggio, cod_messaggio, des_testo_messaggio, gest_data_ins, gest_attore_ins, gest_data_upd, gest_attore_upd, gest_uid) VALUES(23, 2, 'E020', 'Attenzione il codice progressivo utenza per le pratiche Preferenziale deve essere compreso tra 10.000 e 49.999', current_timestamp, 'SISTEMA', current_timestamp, 'SISTEMA', gen_random_uuid ());
INSERT INTO risca_d_messaggio (id_messaggio, id_tipo_messaggio, cod_messaggio, des_testo_messaggio, gest_data_ins, gest_attore_ins, gest_data_upd, gest_attore_upd, gest_uid) VALUES(24, 2, 'E021', 'Attenzione il codice progressivo utenza per gli Attingimenti deve essere maggiore o uguale a 50.000', current_timestamp, 'SISTEMA', current_timestamp, 'SISTEMA', gen_random_uuid ());
INSERT INTO risca_d_messaggio (id_messaggio, id_tipo_messaggio, cod_messaggio, des_testo_messaggio, gest_data_ins, gest_attore_ins, gest_data_upd, gest_attore_upd, gest_uid) VALUES(25, 2, 'E022', 'La Data del provvedimento più recente deve essere minore della data di sistema', current_timestamp, 'SISTEMA', current_timestamp, 'SISTEMA', gen_random_uuid ());
INSERT INTO risca_d_messaggio (id_messaggio, id_tipo_messaggio, cod_messaggio, des_testo_messaggio, gest_data_ins, gest_attore_ins, gest_data_upd, gest_attore_upd, gest_uid) VALUES(26, 2, 'E023', 'Attenzione: non è possibile aggiungere più di un recapito principale per ciascun soggetto.', current_timestamp, 'SISTEMA', current_timestamp, 'SISTEMA', gen_random_uuid ());
INSERT INTO risca_d_messaggio (id_messaggio, id_tipo_messaggio, cod_messaggio, des_testo_messaggio, gest_data_ins, gest_attore_ins, gest_data_upd, gest_attore_upd, gest_uid) VALUES(27, 2, 'E024', 'Attenzione: è necessario associare almeno un soggetto al gruppo.', current_timestamp, 'SISTEMA', current_timestamp, 'SISTEMA', gen_random_uuid ());
INSERT INTO risca_d_messaggio (id_messaggio, id_tipo_messaggio, cod_messaggio, des_testo_messaggio, gest_data_ins, gest_attore_ins, gest_data_upd, gest_attore_upd, gest_uid) VALUES(28, 2, 'E025', 'Attenzione - Deve essere specificato almeno un USO', current_timestamp, 'SISTEMA', current_timestamp, 'SISTEMA', gen_random_uuid ());
INSERT INTO risca_d_messaggio (id_messaggio, id_tipo_messaggio, cod_messaggio, des_testo_messaggio, gest_data_ins, gest_attore_ins, gest_data_upd, gest_attore_upd, gest_uid) VALUES(29, 2, 'E026', 'Attenzione - Il valore specificato non è un numero valido. Usare la "," come separatore decimale. Inserire al massimo 6 cifre intere e 4 decimal', current_timestamp, 'SISTEMA', current_timestamp, 'SISTEMA', gen_random_uuid ());
INSERT INTO risca_d_messaggio (id_messaggio, id_tipo_messaggio, cod_messaggio, des_testo_messaggio, gest_data_ins, gest_attore_ins, gest_data_upd, gest_attore_upd, gest_uid) VALUES(30, 2, 'E027', 'Attenzione - La quantità della falda profonda è maggiore della quantità totale', current_timestamp, 'SISTEMA', current_timestamp, 'SISTEMA', gen_random_uuid ());
INSERT INTO risca_d_messaggio (id_messaggio, id_tipo_messaggio, cod_messaggio, des_testo_messaggio, gest_data_ins, gest_attore_ins, gest_data_upd, gest_attore_upd, gest_uid) VALUES(31, 2, 'E028', 'Attenzione: non puoi eliminare IL SOGGETTO in quanto titolare o appartenente ad un gruppo associato a {PH_NUM_TOTALE} {PH_OGGETTO}', current_timestamp, 'SISTEMA', current_timestamp, 'SISTEMA', gen_random_uuid ());
INSERT INTO risca_d_messaggio (id_messaggio, id_tipo_messaggio, cod_messaggio, des_testo_messaggio, gest_data_ins, gest_attore_ins, gest_data_upd, gest_attore_upd, gest_uid) VALUES(32, 2, 'E029', 'Attenzione: è necessario aggiungere almeno un recapito PRINCIPALE per ciascun soggetto.', current_timestamp, 'SISTEMA', current_timestamp, 'SISTEMA', gen_random_uuid ());
INSERT INTO risca_d_messaggio (id_messaggio, id_tipo_messaggio, cod_messaggio, des_testo_messaggio, gest_data_ins, gest_attore_ins, gest_data_upd, gest_attore_upd, gest_uid) VALUES(33, 2, 'E030', 'Attenzione: non puoi aggiungere più di due recapiti alla riscossione (un recapito principale obbligatorio e/o un recapito alternativo).', current_timestamp, 'SISTEMA', current_timestamp, 'SISTEMA', gen_random_uuid ());
INSERT INTO risca_d_messaggio (id_messaggio, id_tipo_messaggio, cod_messaggio, des_testo_messaggio, gest_data_ins, gest_attore_ins, gest_data_upd, gest_attore_upd, gest_uid) VALUES(34, 2, 'E031', 'Attenzione: non puoi associare il gruppo alla riscossione perché il referente del gruppo è diverso dal titolare della riscossione.', current_timestamp, 'SISTEMA', current_timestamp, 'SISTEMA', gen_random_uuid ());
INSERT INTO risca_d_messaggio (id_messaggio, id_tipo_messaggio, cod_messaggio, des_testo_messaggio, gest_data_ins, gest_attore_ins, gest_data_upd, gest_attore_upd, gest_uid) VALUES(35, 2, 'E032', 'Attenzione: non è possibile aggiungere più di un recapito principale alla riscossione.', current_timestamp, 'SISTEMA', current_timestamp, 'SISTEMA', gen_random_uuid ());
INSERT INTO risca_d_messaggio (id_messaggio, id_tipo_messaggio, cod_messaggio, des_testo_messaggio, gest_data_ins, gest_attore_ins, gest_data_upd, gest_attore_upd, gest_uid) VALUES(36, 2, 'E033', 'Attenzione: è necessario associare almeno un recapito PRINCIPALE alla riscossione.', current_timestamp, 'SISTEMA', current_timestamp, 'SISTEMA', gen_random_uuid ());
INSERT INTO risca_d_messaggio (id_messaggio, id_tipo_messaggio, cod_messaggio, des_testo_messaggio, gest_data_ins, gest_attore_ins, gest_data_upd, gest_attore_upd, gest_uid) VALUES(37, 2, 'E035', 'Attenzione: devi indicare almeno un soggetto REFERENTE tra i componenti del gruppo.', current_timestamp, 'SISTEMA', current_timestamp, 'SISTEMA', gen_random_uuid ());
INSERT INTO risca_d_messaggio (id_messaggio, id_tipo_messaggio, cod_messaggio, des_testo_messaggio, gest_data_ins, gest_attore_ins, gest_data_upd, gest_attore_upd, gest_uid) VALUES(38, 2, 'E036', 'Attenzione: devi indicare solo un soggetto REFERENTE tra i componenti del gruppo.', current_timestamp, 'SISTEMA', current_timestamp, 'SISTEMA', gen_random_uuid ());
INSERT INTO risca_d_messaggio (id_messaggio, id_tipo_messaggio, cod_messaggio, des_testo_messaggio, gest_data_ins, gest_attore_ins, gest_data_upd, gest_attore_upd, gest_uid) VALUES(39, 2, 'E037', 'Attenzione: non è stato associato il TITOLARE della riscossione.', current_timestamp, 'SISTEMA', current_timestamp, 'SISTEMA', gen_random_uuid ());
INSERT INTO risca_d_messaggio (id_messaggio, id_tipo_messaggio, cod_messaggio, des_testo_messaggio, gest_data_ins, gest_attore_ins, gest_data_upd, gest_attore_upd, gest_uid) VALUES(40, 2, 'E038', 'Attenzione è necessario specificare la quantità totale', current_timestamp, 'SISTEMA', current_timestamp, 'SISTEMA', gen_random_uuid ());
INSERT INTO risca_d_messaggio (id_messaggio, id_tipo_messaggio, cod_messaggio, des_testo_messaggio, gest_data_ins, gest_attore_ins, gest_data_upd, gest_attore_upd, gest_uid) VALUES(41, 2, 'E039', 'Attenzione indicare la Data di Scadenza EMAS o ISO in quanto è stata selezionata la Riduzione R5', current_timestamp, 'SISTEMA', current_timestamp, 'SISTEMA', gen_random_uuid ());
INSERT INTO risca_d_messaggio (id_messaggio, id_tipo_messaggio, cod_messaggio, des_testo_messaggio, gest_data_ins, gest_attore_ins, gest_data_upd, gest_attore_upd, gest_uid) VALUES(42, 2, 'E040', 'Attenzione: non puoi eliminare il GRUPPO in quanto associato a {PH_NUM_TOTALE} {PH_OGGETTO}', current_timestamp, 'SISTEMA', current_timestamp, 'SISTEMA', gen_random_uuid ());
INSERT INTO risca_d_messaggio (id_messaggio, id_tipo_messaggio, cod_messaggio, des_testo_messaggio, gest_data_ins, gest_attore_ins, gest_data_upd, gest_attore_upd, gest_uid) VALUES(43, 2, 'E041', 'Attenzione: è necessario specificare la quantità totale', current_timestamp, 'SISTEMA', current_timestamp, 'SISTEMA', gen_random_uuid ());
INSERT INTO risca_d_messaggio (id_messaggio, id_tipo_messaggio, cod_messaggio, des_testo_messaggio, gest_data_ins, gest_attore_ins, gest_data_upd, gest_attore_upd, gest_uid) VALUES(44, 2, 'E042', 'Attenzione: l’uso di legge {PH_USO_LEGGE} è già stato inserito.', current_timestamp, 'SISTEMA', current_timestamp, 'SISTEMA', gen_random_uuid ());
INSERT INTO risca_d_messaggio (id_messaggio, id_tipo_messaggio, cod_messaggio, des_testo_messaggio, gest_data_ins, gest_attore_ins, gest_data_upd, gest_attore_upd, gest_uid) VALUES(45, 3, 'A001', 'Attenzione: stai per annullare i dati che hai inserito. 
Vuoi Procedere?', current_timestamp, 'SISTEMA', current_timestamp, 'SISTEMA', gen_random_uuid ());
INSERT INTO risca_d_messaggio (id_messaggio, id_tipo_messaggio, cod_messaggio, des_testo_messaggio, gest_data_ins, gest_attore_ins, gest_data_upd, gest_attore_upd, gest_uid) VALUES(46, 3, 'A002', 'Attenzione: stai per eliminare il dato selezionato. 
Vuoi Procedere?    
', current_timestamp, 'SISTEMA', current_timestamp, 'SISTEMA', gen_random_uuid ());
INSERT INTO risca_d_messaggio (id_messaggio, id_tipo_messaggio, cod_messaggio, des_testo_messaggio, gest_data_ins, gest_attore_ins, gest_data_upd, gest_attore_upd, gest_uid) VALUES(47, 3, 'A003', 'Attenzione: se procedi le informazioni da te modificate saranno salvate al posto delle precedenti. 
Vuoi Procedere?    ', current_timestamp, 'SISTEMA', current_timestamp, 'SISTEMA', gen_random_uuid ());
INSERT INTO risca_d_messaggio (id_messaggio, id_tipo_messaggio, cod_messaggio, des_testo_messaggio, gest_data_ins, gest_attore_ins, gest_data_upd, gest_attore_upd, gest_uid) VALUES(48, 3, 'A004', 'Attenzione: se procedi con l’eliminazione logica di questo allegato esso non potrà più essere modificato.
Vuoi Procedere? ', current_timestamp, 'SISTEMA', current_timestamp, 'SISTEMA', gen_random_uuid ());
INSERT INTO risca_d_messaggio (id_messaggio, id_tipo_messaggio, cod_messaggio, des_testo_messaggio, gest_data_ins, gest_attore_ins, gest_data_upd, gest_attore_upd, gest_uid) VALUES(49, 3, 'A005', 'Attenzione: la modifica del procedimento nella pagina successiva comporta la perdita di alcune informazioni già compilate. Vuoi procedere?', current_timestamp, 'SISTEMA', current_timestamp, 'SISTEMA', gen_random_uuid ());
INSERT INTO risca_d_messaggio (id_messaggio, id_tipo_messaggio, cod_messaggio, des_testo_messaggio, gest_data_ins, gest_attore_ins, gest_data_upd, gest_attore_upd, gest_uid) VALUES(50, 3, 'A006', 'Attenzione: stai annullando l’operazione, prima di proseguire seleziona SALVA DATI o SALVA BOZZA per non perdere i dati inseriti o modificati. Vuoi Procedere?', current_timestamp, 'SISTEMA', current_timestamp, 'SISTEMA', gen_random_uuid ());
INSERT INTO risca_d_messaggio (id_messaggio, id_tipo_messaggio, cod_messaggio, des_testo_messaggio, gest_data_ins, gest_attore_ins, gest_data_upd, gest_attore_upd, gest_uid) VALUES(51, 3, 'A007', 'Attenzione: sono presenti delle differenze nei dati anagrafici del soggetto rispetto al sistema {PH_FONTE}. Vuoi aggiornare i dati su RISCA?', current_timestamp, 'SISTEMA', current_timestamp, 'SISTEMA', gen_random_uuid ());
INSERT INTO risca_d_messaggio (id_messaggio, id_tipo_messaggio, cod_messaggio, des_testo_messaggio, gest_data_ins, gest_attore_ins, gest_data_upd, gest_attore_upd, gest_uid) VALUES(52, 3, 'A008', 'Attenzione: il SOGGETTO che hai cercato non è presente. Vuoi inserirlo?', current_timestamp, 'SISTEMA', current_timestamp, 'SISTEMA', gen_random_uuid ());
INSERT INTO risca_d_messaggio (id_messaggio, id_tipo_messaggio, cod_messaggio, des_testo_messaggio, gest_data_ins, gest_attore_ins, gest_data_upd, gest_attore_upd, gest_uid) VALUES(53, 3, 'A009', 'Attenzione: stai cancellando un recapito alternativo associato a {PH_NUM_TOTALE} {PH_OGGETTO}
Vuoi Procedere?', current_timestamp, 'SISTEMA', current_timestamp, 'SISTEMA', gen_random_uuid ());
INSERT INTO risca_d_messaggio (id_messaggio, id_tipo_messaggio, cod_messaggio, des_testo_messaggio, gest_data_ins, gest_attore_ins, gest_data_upd, gest_attore_upd, gest_uid) VALUES(54, 3, 'A010', 'Attenzione: stai modificando un recapito alternativo associato a {PH_NUM_TOTALE} {PH_OGGETTO}
Vuoi procedere?', current_timestamp, 'SISTEMA', current_timestamp, 'SISTEMA', gen_random_uuid ());
INSERT INTO risca_d_messaggio (id_messaggio, id_tipo_messaggio, cod_messaggio, des_testo_messaggio, gest_data_ins, gest_attore_ins, gest_data_upd, gest_attore_upd, gest_uid) VALUES(55, 3, 'A011', 'Attenzione: stai cancellando il GRUPPO selezionato. 
Vuoi procedere?
', current_timestamp, 'SISTEMA', current_timestamp, 'SISTEMA', gen_random_uuid ());
INSERT INTO risca_d_messaggio (id_messaggio, id_tipo_messaggio, cod_messaggio, des_testo_messaggio, gest_data_ins, gest_attore_ins, gest_data_upd, gest_attore_upd, gest_uid) VALUES(56, 3, 'A012', 'Attenzione: stai modificando un gruppo associato a {PH_NUM_TOTALE} {PH_OGGETTO}
Vuoi Procedere?', current_timestamp, 'SISTEMA', current_timestamp, 'SISTEMA', gen_random_uuid ());
INSERT INTO risca_d_messaggio (id_messaggio, id_tipo_messaggio, cod_messaggio, des_testo_messaggio, gest_data_ins, gest_attore_ins, gest_data_upd, gest_attore_upd, gest_uid) VALUES(57, 3, 'A013', 'Attenzione: stai cancellando il SOGGETTO selezionato. 
Vuoi Procedere?', current_timestamp, 'SISTEMA', current_timestamp, 'SISTEMA', gen_random_uuid ());
INSERT INTO risca_d_messaggio (id_messaggio, id_tipo_messaggio, cod_messaggio, des_testo_messaggio, gest_data_ins, gest_attore_ins, gest_data_upd, gest_attore_upd, gest_uid) VALUES(58, 3, 'A014', 'Attenzione: stai cancellando il RECAPITO ALTERNATIVO selezionato. 
Vuoi procedere?', current_timestamp, 'SISTEMA', current_timestamp, 'SISTEMA', gen_random_uuid ());
INSERT INTO risca_d_messaggio (id_messaggio, id_tipo_messaggio, cod_messaggio, des_testo_messaggio, gest_data_ins, gest_attore_ins, gest_data_upd, gest_attore_upd, gest_uid) VALUES(59, 3, 'A015', 'Attenzione: stai modificando un SOGGETTO associato a {PH_NUM_TOTALE} {PH_OGGETTO}
Vuoi Procedere?', current_timestamp, 'SISTEMA', current_timestamp, 'SISTEMA', gen_random_uuid ());
INSERT INTO risca_d_messaggio (id_messaggio, id_tipo_messaggio, cod_messaggio, des_testo_messaggio, gest_data_ins, gest_attore_ins, gest_data_upd, gest_attore_upd, gest_uid) VALUES(60, 3, 'A016', 'Attenzione: stai modificando il referente di un gruppo associato a {PH_NUM_TOTALE} {PH_OGGETTO}
Eventuali recapiti alternativi del referente precedente, saranno scollegati automaticamente da tutte le pratiche 
e stati debitori senza bollettazione associati . 
Vuoi procedere?', current_timestamp, 'SISTEMA', current_timestamp, 'SISTEMA', gen_random_uuid ());
INSERT INTO risca_d_messaggio (id_messaggio, id_tipo_messaggio, cod_messaggio, des_testo_messaggio, gest_data_ins, gest_attore_ins, gest_data_upd, gest_attore_upd, gest_uid) VALUES(61, 3, 'A017', 'Attenzione: i dati del soggetto sono stati modificati.  Vuoi procedere?', current_timestamp, 'SISTEMA', current_timestamp, 'SISTEMA', gen_random_uuid ());
INSERT INTO risca_d_messaggio (id_messaggio, id_tipo_messaggio, cod_messaggio, des_testo_messaggio, gest_data_ins, gest_attore_ins, gest_data_upd, gest_attore_upd, gest_uid) VALUES(62, 4, 'I001', 'La ricerca non ha restituito alcun risultato. Modificare i criteri di ricerca e riprovare.', current_timestamp, 'SISTEMA', current_timestamp, 'SISTEMA', gen_random_uuid ());
INSERT INTO risca_d_messaggio (id_messaggio, id_tipo_messaggio, cod_messaggio, des_testo_messaggio, gest_data_ins, gest_attore_ins, gest_data_upd, gest_attore_upd, gest_uid) VALUES(63, 4, 'I002', 'Verifica il messaggio inviato alla tua casella di posta.', current_timestamp, 'SISTEMA', current_timestamp, 'SISTEMA', gen_random_uuid ());
INSERT INTO risca_d_messaggio (id_messaggio, id_tipo_messaggio, cod_messaggio, des_testo_messaggio, gest_data_ins, gest_attore_ins, gest_data_upd, gest_attore_upd, gest_uid) VALUES(64, 4, 'I003', 'Modulo firmato caricato correttamente', current_timestamp, 'SISTEMA', current_timestamp, 'SISTEMA', gen_random_uuid ());
INSERT INTO risca_d_messaggio (id_messaggio, id_tipo_messaggio, cod_messaggio, des_testo_messaggio, gest_data_ins, gest_attore_ins, gest_data_upd, gest_attore_upd, gest_uid) VALUES(65, 4, 'I004', 'Il caricamento del documento/dei documenti è in corso, ti preghiamo di attendere il completamento dell’operazione', current_timestamp, 'SISTEMA', current_timestamp, 'SISTEMA', gen_random_uuid ());
INSERT INTO risca_d_messaggio (id_messaggio, id_tipo_messaggio, cod_messaggio, des_testo_messaggio, gest_data_ins, gest_attore_ins, gest_data_upd, gest_attore_upd, gest_uid) VALUES(66, 4, 'I005', 'Lo scarico dell’allegato da te richiesto è in corso, ti preghiamo di attendere il completamento dell’operazione', current_timestamp, 'SISTEMA', current_timestamp, 'SISTEMA', gen_random_uuid ());
INSERT INTO risca_d_messaggio (id_messaggio, id_tipo_messaggio, cod_messaggio, des_testo_messaggio, gest_data_ins, gest_attore_ins, gest_data_upd, gest_attore_upd, gest_uid) VALUES(67, 4, 'I006', 'La verifica della firma digitale del documento non ha avuto esito positivo. Puoi decidere di eliminarlo e ricaricarlo. L’autorità competente provvederà ad ulteriori verifiche formali sulla firma inserita.', current_timestamp, 'SISTEMA', current_timestamp, 'SISTEMA', gen_random_uuid ());
INSERT INTO risca_d_messaggio (id_messaggio, id_tipo_messaggio, cod_messaggio, des_testo_messaggio, gest_data_ins, gest_attore_ins, gest_data_upd, gest_attore_upd, gest_uid) VALUES(68, 4, 'I007', 'Attenzione: hai selezionato una dimensione totale di allegati superiore a massimo prefissato, vedi indicazioni iniziali nella pagina Allegati. Ti preghiamo di selezionare una dimensione inferiore di allegati e di ricaricarli. ', current_timestamp, 'SISTEMA', current_timestamp, 'SISTEMA', gen_random_uuid ());
INSERT INTO risca_d_messaggio (id_messaggio, id_tipo_messaggio, cod_messaggio, des_testo_messaggio, gest_data_ins, gest_attore_ins, gest_data_upd, gest_attore_upd, gest_uid) VALUES(69, 4, 'I008', 'Il caricamento del documento è fallito a causa di un errore del sistema. Ti preghiamo di riprovare a ricaricare questo allegato. In caso di nuovo fallimento di contattare assistenza del sistema', current_timestamp, 'SISTEMA', current_timestamp, 'SISTEMA', gen_random_uuid ());
INSERT INTO risca_d_messaggio (id_messaggio, id_tipo_messaggio, cod_messaggio, des_testo_messaggio, gest_data_ins, gest_attore_ins, gest_data_upd, gest_attore_upd, gest_uid) VALUES(70, 4, 'I009', 'La verifica della firma digitale di alcuni documenti in corso di caricamento non ha avuto esito positivo. Puoi decidere di eliminarli e ricaricarli. L’autorità competente provvederà ad ulteriori verifiche formali sulla firma inserita.', current_timestamp, 'SISTEMA', current_timestamp, 'SISTEMA', gen_random_uuid ());
INSERT INTO risca_d_messaggio (id_messaggio, id_tipo_messaggio, cod_messaggio, des_testo_messaggio, gest_data_ins, gest_attore_ins, gest_data_upd, gest_attore_upd, gest_uid) VALUES(71, 4, 'I010', 'Attenzione: uno degli allegati che stai caricando ha estensione non prevista e non verrà caricato. Ti preghiamo di caricarlo nuovamente in uno dei formati previsti.', current_timestamp, 'SISTEMA', current_timestamp, 'SISTEMA', gen_random_uuid ());
INSERT INTO risca_d_messaggio (id_messaggio, id_tipo_messaggio, cod_messaggio, des_testo_messaggio, gest_data_ins, gest_attore_ins, gest_data_upd, gest_attore_upd, gest_uid) VALUES(72, 4, 'I011', 'Attenzione: uno degli allegati che stai caricando ha una denominazione già stata usata in precedenza e non verrà caricato. Ti preghiamo di verificare, rinominare l’allegato e ricaricarlo.', current_timestamp, 'SISTEMA', current_timestamp, 'SISTEMA', gen_random_uuid ());
INSERT INTO risca_d_messaggio (id_messaggio, id_tipo_messaggio, cod_messaggio, des_testo_messaggio, gest_data_ins, gest_attore_ins, gest_data_upd, gest_attore_upd, gest_uid) VALUES(73, 4, 'I012', 'Aggiornamento dati
I seguenti dati sono stati aggiornati dalla Fonte {PH_FONTE}:
     - {PH_DATO_AGG_DA_FONTE}
     - {PH_DATO_AGG_DA_FONTE}', current_timestamp, 'SISTEMA', current_timestamp, 'SISTEMA', gen_random_uuid ());
INSERT INTO risca_d_messaggio (id_messaggio, id_tipo_messaggio, cod_messaggio, des_testo_messaggio, gest_data_ins, gest_attore_ins, gest_data_upd, gest_attore_upd, gest_uid) VALUES(74, 4, 'I013', 'Attenzione la pratica è prenotata con motivo: {PH_MOTIVAZIONE}', current_timestamp, 'SISTEMA', current_timestamp, 'SISTEMA', gen_random_uuid ());
INSERT INTO risca_d_messaggio (id_messaggio, id_tipo_messaggio, cod_messaggio, des_testo_messaggio, gest_data_ins, gest_attore_ins, gest_data_upd, gest_attore_upd, gest_uid) VALUES(75, 4, 'I014', 'Attenzione la pratica è attualmente in uso da {PH_USER}', current_timestamp, 'SISTEMA', current_timestamp, 'SISTEMA', gen_random_uuid ());
INSERT INTO risca_d_messaggio (id_messaggio, id_tipo_messaggio, cod_messaggio, des_testo_messaggio, gest_data_ins, gest_attore_ins, gest_data_upd, gest_attore_upd, gest_uid) VALUES(76, 5, 'F001', 'Il campo deve essere numerico', current_timestamp, 'SISTEMA', current_timestamp, 'SISTEMA', gen_random_uuid ());
INSERT INTO risca_d_messaggio (id_messaggio, id_tipo_messaggio, cod_messaggio, des_testo_messaggio, gest_data_ins, gest_attore_ins, gest_data_upd, gest_attore_upd, gest_uid) VALUES(77, 5, 'F002', 'Data non valida', current_timestamp, 'SISTEMA', current_timestamp, 'SISTEMA', gen_random_uuid ());
INSERT INTO risca_d_messaggio (id_messaggio, id_tipo_messaggio, cod_messaggio, des_testo_messaggio, gest_data_ins, gest_attore_ins, gest_data_upd, gest_attore_upd, gest_uid) VALUES(78, 5, 'F003', 'Il campo deve essere alfanumerico', current_timestamp, 'SISTEMA', current_timestamp, 'SISTEMA', gen_random_uuid ());
INSERT INTO risca_d_messaggio (id_messaggio, id_tipo_messaggio, cod_messaggio, des_testo_messaggio, gest_data_ins, gest_attore_ins, gest_data_upd, gest_attore_upd, gest_uid) VALUES(79, 5, 'F004', 'Codice fiscale non corretto', current_timestamp, 'SISTEMA', current_timestamp, 'SISTEMA', gen_random_uuid ());
INSERT INTO risca_d_messaggio (id_messaggio, id_tipo_messaggio, cod_messaggio, des_testo_messaggio, gest_data_ins, gest_attore_ins, gest_data_upd, gest_attore_upd, gest_uid) VALUES(80, 5, 'F005', 'Partita IVA non corretta', current_timestamp, 'SISTEMA', current_timestamp, 'SISTEMA', gen_random_uuid ());
INSERT INTO risca_d_messaggio (id_messaggio, id_tipo_messaggio, cod_messaggio, des_testo_messaggio, gest_data_ins, gest_attore_ins, gest_data_upd, gest_attore_upd, gest_uid) VALUES(81, 5, 'F006', 'Il campo deve essere alfabetico ', current_timestamp, 'SISTEMA', current_timestamp, 'SISTEMA', gen_random_uuid ());
INSERT INTO risca_d_messaggio (id_messaggio, id_tipo_messaggio, cod_messaggio, des_testo_messaggio, gest_data_ins, gest_attore_ins, gest_data_upd, gest_attore_upd, gest_uid) VALUES(82, 5, 'F007', 'Formato E-MAIL non valido ', current_timestamp, 'SISTEMA', current_timestamp, 'SISTEMA', gen_random_uuid ());
INSERT INTO risca_d_messaggio (id_messaggio, id_tipo_messaggio, cod_messaggio, des_testo_messaggio, gest_data_ins, gest_attore_ins, gest_data_upd, gest_attore_upd, gest_uid) VALUES(83, 5, 'F008', 'Campo obbligatorio', current_timestamp, 'SISTEMA', current_timestamp, 'SISTEMA', gen_random_uuid ());
INSERT INTO risca_d_messaggio (id_messaggio, id_tipo_messaggio, cod_messaggio, des_testo_messaggio, gest_data_ins, gest_attore_ins, gest_data_upd, gest_attore_upd, gest_uid) VALUES(84, 6, 'C001', 'Un codice dato tecnico non è valorizzato', current_timestamp, 'SISTEMA', current_timestamp, 'SISTEMA', gen_random_uuid ());
INSERT INTO risca_d_messaggio (id_messaggio, id_tipo_messaggio, cod_messaggio, des_testo_messaggio, gest_data_ins, gest_attore_ins, gest_data_upd, gest_attore_upd, gest_uid) VALUES(85, 6, 'C002', 'Mancata corrispondenza di codice dato tecnico in json_dt e dizionario   ', current_timestamp, 'SISTEMA', current_timestamp, 'SISTEMA', gen_random_uuid ());
INSERT INTO risca_d_messaggio (id_messaggio, id_tipo_messaggio, cod_messaggio, des_testo_messaggio, gest_data_ins, gest_attore_ins, gest_data_upd, gest_attore_upd, gest_uid) VALUES(86, 6, 'C003', 'Non è disponibile la configurazione degli importi unitari per l''annualità selezionata. Inserire manualmente importo canone e canone unitario.', current_timestamp, 'SISTEMA', current_timestamp, 'SISTEMA', gen_random_uuid ());
INSERT INTO risca_d_messaggio (id_messaggio, id_tipo_messaggio, cod_messaggio, des_testo_messaggio, gest_data_ins, gest_attore_ins, gest_data_upd, gest_attore_upd, gest_uid) VALUES(87, 6, 'C004', 'Formato del valore del dato tecnico non corretto', current_timestamp, 'SISTEMA', current_timestamp, 'SISTEMA', gen_random_uuid ());
INSERT INTO risca_d_messaggio (id_messaggio, id_tipo_messaggio, cod_messaggio, des_testo_messaggio, gest_data_ins, gest_attore_ins, gest_data_upd, gest_attore_upd, gest_uid) VALUES(88, 6, 'C005', 'Data scadenza EMAS o ISO non valorizzata', current_timestamp, 'SISTEMA', current_timestamp, 'SISTEMA', gen_random_uuid ());
INSERT INTO risca_d_messaggio (id_messaggio, id_tipo_messaggio, cod_messaggio, des_testo_messaggio, gest_data_ins, gest_attore_ins, gest_data_upd, gest_attore_upd, gest_uid) VALUES(89, 2, 'E043', 'Stato Pratica non congruente con le altre informazioni', current_timestamp, 'SISTEMA', current_timestamp, 'SISTEMA', gen_random_uuid ());
INSERT INTO risca_d_messaggio (id_messaggio, id_tipo_messaggio, cod_messaggio, des_testo_messaggio, gest_data_ins, gest_attore_ins, gest_data_upd, gest_attore_upd, gest_uid) VALUES(90, 2, 'E044', 'Attenzione: inserire almeno un provvedimento', current_timestamp, 'SISTEMA', current_timestamp, 'SISTEMA', gen_random_uuid ());
INSERT INTO risca_d_messaggio (id_messaggio, id_tipo_messaggio, cod_messaggio, des_testo_messaggio, gest_data_ins, gest_attore_ins, gest_data_upd, gest_attore_upd, gest_uid) VALUES(91, 4, 'I015', 'Attenzione: non sono state apportate modifiche.', current_timestamp, 'SISTEMA', current_timestamp, 'SISTEMA', gen_random_uuid ());
INSERT INTO risca_d_messaggio (id_messaggio, id_tipo_messaggio, cod_messaggio, des_testo_messaggio, gest_data_ins, gest_attore_ins, gest_data_upd, gest_attore_upd, gest_uid) VALUES(92, 5, 'F009', 'Formato PEC non valido ', current_timestamp, 'SISTEMA', current_timestamp, 'SISTEMA', gen_random_uuid ());
INSERT INTO risca_d_messaggio (id_messaggio, id_tipo_messaggio, cod_messaggio, des_testo_messaggio, gest_data_ins, gest_attore_ins, gest_data_upd, gest_attore_upd, gest_uid) VALUES(93, 2, 'E045', 'Attenzione: per il tipo di riscossione indicato è stato raggiunto il limite previsto per il valore del progressivo utenza. Non è possibile salvare la riscossione.', current_timestamp, 'SISTEMA', current_timestamp, 'SISTEMA', gen_random_uuid ());
INSERT INTO risca_d_messaggio (id_messaggio, id_tipo_messaggio, cod_messaggio, des_testo_messaggio, gest_data_ins, gest_attore_ins, gest_data_upd, gest_attore_upd, gest_uid) VALUES(94, 7, 'U001', 'Utente non abiltato ad eseguire questa funzionalità', current_timestamp, 'SISTEMA', current_timestamp, 'SISTEMA', gen_random_uuid ());
INSERT INTO risca_d_messaggio (id_messaggio, id_tipo_messaggio, cod_messaggio, des_testo_messaggio, gest_data_ins, gest_attore_ins, gest_data_upd, gest_attore_upd, gest_uid) VALUES(95, 7, 'U002', 'Batch  non abiltato ', current_timestamp, 'SISTEMA', current_timestamp, 'SISTEMA', gen_random_uuid ());
INSERT INTO risca_d_messaggio (id_messaggio, id_tipo_messaggio, cod_messaggio, des_testo_messaggio, gest_data_ins, gest_attore_ins, gest_data_upd, gest_attore_upd, gest_uid) VALUES(96, 7, 'U003', 'Verificà identità digitale fallita ', current_timestamp, 'SISTEMA', current_timestamp, 'SISTEMA', gen_random_uuid ());
INSERT INTO risca_d_messaggio (id_messaggio, id_tipo_messaggio, cod_messaggio, des_testo_messaggio, gest_data_ins, gest_attore_ins, gest_data_upd, gest_attore_upd, gest_uid) VALUES(97, 2, 'E046', 'Attenzione: la “Data Protocollo “ deve essere minore della “Data Scadenza Pagamento"', current_timestamp, 'SISTEMA', current_timestamp, 'SISTEMA', gen_random_uuid ());
INSERT INTO risca_d_messaggio (id_messaggio, id_tipo_messaggio, cod_messaggio, des_testo_messaggio, gest_data_ins, gest_attore_ins, gest_data_upd, gest_attore_upd, gest_uid) VALUES(98, 2, 'E047', 'Attenzione: l’anno della “Data Scadenza Pagamento” deve essere uguale o superiore al valore del campo “Anno”', current_timestamp, 'SISTEMA', current_timestamp, 'SISTEMA', gen_random_uuid ());
INSERT INTO risca_d_messaggio (id_messaggio, id_tipo_messaggio, cod_messaggio, des_testo_messaggio, gest_data_ins, gest_attore_ins, gest_data_upd, gest_attore_upd, gest_uid) VALUES(99, 2, 'E055', 'Attenzione: è già presente una prenotazione o elaborazione in corso. Attendere che termini per inserire una nuova richiesta.', current_timestamp, 'SISTEMA', current_timestamp, 'SISTEMA', gen_random_uuid ());
INSERT INTO risca_d_messaggio (id_messaggio, id_tipo_messaggio, cod_messaggio, des_testo_messaggio, gest_data_ins, gest_attore_ins, gest_data_upd, gest_attore_upd, gest_uid) VALUES(100, 3, 'A020', 'Attenzione: stai per rimuovere il soggetto selezionato dal gruppo. Vuoi procedere?', current_timestamp, 'SISTEMA', current_timestamp, 'SISTEMA', gen_random_uuid ());
INSERT INTO risca_d_messaggio (id_messaggio, id_tipo_messaggio, cod_messaggio, des_testo_messaggio, gest_data_ins, gest_attore_ins, gest_data_upd, gest_attore_upd, gest_uid) VALUES(101, 2, 'E056', 'Attenzione: Il valore del campo "Destinatario" eccede il numero dei caratteri previsti (max 100):
È necessario ridurre a 100 il numero di caratteri del "Destinatario" per proseguire.', current_timestamp, 'SISTEMA', current_timestamp, 'SISTEMA', gen_random_uuid ());
INSERT INTO risca_d_messaggio (id_messaggio, id_tipo_messaggio, cod_messaggio, des_testo_messaggio, gest_data_ins, gest_attore_ins, gest_data_upd, gest_attore_upd, gest_uid) VALUES(102, 2, 'E057', 'Attenzione: Il valore del campo "Presso" eccede il numero dei caratteri previsti (max 100):
È necessario ridurre a 100 il numero di caratteri del "Presso" per proseguire.
', current_timestamp, 'SISTEMA', current_timestamp, 'SISTEMA', gen_random_uuid ());
INSERT INTO risca_d_messaggio (id_messaggio, id_tipo_messaggio, cod_messaggio, des_testo_messaggio, gest_data_ins, gest_attore_ins, gest_data_upd, gest_attore_upd, gest_uid) VALUES(103, 2, 'E058', 'Attenzione: Il valore del campo "Località" eccede il numero dei caratteri previsti (max 100):
È necessario ridurre a 100 il numero di caratteri della "Località" per proseguire.', current_timestamp, 'SISTEMA', current_timestamp, 'SISTEMA', gen_random_uuid ());
INSERT INTO risca_d_messaggio (id_messaggio, id_tipo_messaggio, cod_messaggio, des_testo_messaggio, gest_data_ins, gest_attore_ins, gest_data_upd, gest_attore_upd, gest_uid) VALUES(104, 2, 'E059', 'Attenzione: Il valore del campo "Indirizzo" eccede il numero dei caratteri previsti (max 100):
È necessario ridurre a 100 il numero di caratteri del " Indirizzo " per proseguire.', current_timestamp, 'SISTEMA', current_timestamp, 'SISTEMA', gen_random_uuid ());
INSERT INTO risca_d_messaggio (id_messaggio, id_tipo_messaggio, cod_messaggio, des_testo_messaggio, gest_data_ins, gest_attore_ins, gest_data_upd, gest_attore_upd, gest_uid) VALUES(105, 2, 'E060', 'Attenzione: Il valore del campo "CAP" eccede il numero dei caratteri previsti (max 5):
È necessario ridurre a 5 il numero di caratteri del "CAP" per proseguire.', current_timestamp, 'SISTEMA', current_timestamp, 'SISTEMA', gen_random_uuid ());
INSERT INTO risca_d_messaggio (id_messaggio, id_tipo_messaggio, cod_messaggio, des_testo_messaggio, gest_data_ins, gest_attore_ins, gest_data_upd, gest_attore_upd, gest_uid) VALUES(106, 2, 'E061', 'Attenzione: Il valore del campo "CAP" eccede il numero dei caratteri previsti (max 10):
È necessario ridurre a 10 il numero di caratteri del "CAP" per proseguire.', current_timestamp, 'SISTEMA', current_timestamp, 'SISTEMA', gen_random_uuid ());
INSERT INTO risca_d_messaggio (id_messaggio, id_tipo_messaggio, cod_messaggio, des_testo_messaggio, gest_data_ins, gest_attore_ins, gest_data_upd, gest_attore_upd, gest_uid) VALUES(107, 2, 'E062', 'Attenzione: Il valore del campo "Città" eccede il numero dei caratteri previsti (max 90):
È necessario ridurre a 90 il numero di caratteri del "Città" per proseguire.
', current_timestamp, 'SISTEMA', current_timestamp, 'SISTEMA', gen_random_uuid ());
INSERT INTO risca_d_messaggio (id_messaggio, id_tipo_messaggio, cod_messaggio, des_testo_messaggio, gest_data_ins, gest_attore_ins, gest_data_upd, gest_attore_upd, gest_uid) VALUES(108, 2, 'E063', 'Attenzione: Il valore del campo "Provincia" eccede il numero dei caratteri previsti (max 2):
È necessario ridurre a 2 il numero di caratteri di "Provincia" per proseguire.', current_timestamp, 'SISTEMA', current_timestamp, 'SISTEMA', gen_random_uuid ());
INSERT INTO risca_d_messaggio (id_messaggio, id_tipo_messaggio, cod_messaggio, des_testo_messaggio, gest_data_ins, gest_attore_ins, gest_data_upd, gest_attore_upd, gest_uid) VALUES(109, 2, 'E064', 'Attenzione: Il valore del campo "Nazione" eccede il numero dei caratteri previsti (max 60):
È necessario ridurre a 60 il numero di caratteri del "Nazione" per proseguire.
', current_timestamp, 'SISTEMA', current_timestamp, 'SISTEMA', gen_random_uuid ());
INSERT INTO risca_d_messaggio (id_messaggio, id_tipo_messaggio, cod_messaggio, des_testo_messaggio, gest_data_ins, gest_attore_ins, gest_data_upd, gest_attore_upd, gest_uid) VALUES(110, 2, 'E065', 'Attenzione: prima di procedere è necessario correggere gli indirizzi di spedizione con formato non valido.', current_timestamp, 'SISTEMA', current_timestamp, 'SISTEMA', gen_random_uuid ());
INSERT INTO risca_d_messaggio (id_messaggio, id_tipo_messaggio, cod_messaggio, des_testo_messaggio, gest_data_ins, gest_attore_ins, gest_data_upd, gest_attore_upd, gest_uid) VALUES(111, 4, 'I016', 'Attenzione: Se il soggetto è referente di uno o più gruppi di soggetti, verificare anche gli indirizzi di spedizione dei gruppi di interesse', current_timestamp, 'SISTEMA', current_timestamp, 'SISTEMA', gen_random_uuid ());
INSERT INTO risca_d_messaggio (id_messaggio, id_tipo_messaggio, cod_messaggio, des_testo_messaggio, gest_data_ins, gest_attore_ins, gest_data_upd, gest_attore_upd, gest_uid) VALUES(112, 2, 'E066', 'Attenzione: la lunghezza del campo "CAP" deve essere di 5 caratteri.', current_timestamp, 'SISTEMA', current_timestamp, 'SISTEMA', gen_random_uuid ());
INSERT INTO risca_d_messaggio (id_messaggio, id_tipo_messaggio, cod_messaggio, des_testo_messaggio, gest_data_ins, gest_attore_ins, gest_data_upd, gest_attore_upd, gest_uid) VALUES(113, 2, 'E067', 'Attenzione: la lunghezza del campo "Provincia" deve essere di 2 caratteri.', current_timestamp, 'SISTEMA', current_timestamp, 'SISTEMA', gen_random_uuid ());
INSERT INTO risca_d_messaggio (id_messaggio, id_tipo_messaggio, cod_messaggio, des_testo_messaggio, gest_data_ins, gest_attore_ins, gest_data_upd, gest_attore_upd, gest_uid) VALUES(114, 3, 'A021', 'Attenzione: il sistema ha corretto in automatico degli indirizzi di spedizione del soggetto referente per questo gruppo. Verifica le informazioni prima di procedere.  ', current_timestamp, 'SISTEMA', current_timestamp, 'SISTEMA', gen_random_uuid ());
INSERT INTO risca_d_messaggio (id_messaggio, id_tipo_messaggio, cod_messaggio, des_testo_messaggio, gest_data_ins, gest_attore_ins, gest_data_upd, gest_attore_upd, gest_uid) VALUES(115, 7, 'U004', 'L''ambito dell''utente e l''ambito della pratica non corrispondono.', current_timestamp, 'SISTEMA', current_timestamp, 'SISTEMA', gen_random_uuid ());
INSERT INTO risca_d_messaggio (id_messaggio, id_tipo_messaggio, cod_messaggio, des_testo_messaggio, gest_data_ins, gest_attore_ins, gest_data_upd, gest_attore_upd, gest_uid) VALUES(116, 2, 'E068', 'Verificare la configurazione dell''identità ACTA.', current_timestamp, 'SISTEMA', current_timestamp, 'SISTEMA', gen_random_uuid ());
INSERT INTO risca_d_messaggio (id_messaggio, id_tipo_messaggio, cod_messaggio, des_testo_messaggio, gest_data_ins, gest_attore_ins, gest_data_upd, gest_attore_upd, gest_uid) VALUES(117, 4, 'I017', 'Non esiste un file associato all''allegato "Descrizione"', current_timestamp, 'SISTEMA', current_timestamp, 'SISTEMA', gen_random_uuid ());
INSERT INTO risca_d_messaggio (id_messaggio, id_tipo_messaggio, cod_messaggio, des_testo_messaggio, gest_data_ins, gest_attore_ins, gest_data_upd, gest_attore_upd, gest_uid) VALUES(118, 4, 'I018', 'Il documento associato alla classificazione non è in stato registrato e/o definitivo.', current_timestamp, 'SISTEMA', current_timestamp, 'SISTEMA', gen_random_uuid ());
INSERT INTO risca_d_messaggio (id_messaggio, id_tipo_messaggio, cod_messaggio, des_testo_messaggio, gest_data_ins, gest_attore_ins, gest_data_upd, gest_attore_upd, gest_uid) VALUES(119, 4, 'I019', 'Non sono presenti allegati per il documento selezionato.', current_timestamp, 'SISTEMA', current_timestamp, 'SISTEMA', gen_random_uuid ());
INSERT INTO risca_d_messaggio (id_messaggio, id_tipo_messaggio, cod_messaggio, des_testo_messaggio, gest_data_ins, gest_attore_ins, gest_data_upd, gest_attore_upd, gest_uid) VALUES(120, 2, 'E050', 'Attenzione: deve essere specificata la motivazione!', current_timestamp, 'SISTEMA', current_timestamp, 'SISTEMA', gen_random_uuid ());
INSERT INTO risca_d_messaggio (id_messaggio, id_tipo_messaggio, cod_messaggio, des_testo_messaggio, gest_data_ins, gest_attore_ins, gest_data_upd, gest_attore_upd, gest_uid) VALUES(121, 2, 'E070', 'Attenzione: sono obbligatori attività svolta, Importo eccedente obbligatorio, numero e data provvedimento, causale', current_timestamp, 'SISTEMA', current_timestamp, 'SISTEMA', gen_random_uuid ());
INSERT INTO risca_d_messaggio (id_messaggio, id_tipo_messaggio, cod_messaggio, des_testo_messaggio, gest_data_ins, gest_attore_ins, gest_data_upd, gest_attore_upd, gest_uid) VALUES(122, 2, 'E069', 'Attenzione: in questo stato debitorio esiste già la stessa annualità ', current_timestamp, 'SISTEMA', current_timestamp, 'SISTEMA', gen_random_uuid ());
INSERT INTO risca_d_messaggio (id_messaggio, id_tipo_messaggio, cod_messaggio, des_testo_messaggio, gest_data_ins, gest_attore_ins, gest_data_upd, gest_attore_upd, gest_uid) VALUES(123, 3, 'A022', 'Attenzione: non è stato selezionato uno stato debitorio', current_timestamp, 'SISTEMA', current_timestamp, 'SISTEMA', gen_random_uuid ());
INSERT INTO risca_d_messaggio (id_messaggio, id_tipo_messaggio, cod_messaggio, des_testo_messaggio, gest_data_ins, gest_attore_ins, gest_data_upd, gest_attore_upd, gest_uid) VALUES(124, 2, 'E071', 'Attenzione: Vi sono delle incongruenze nella configurazione su DoQui ACTA', current_timestamp, 'SISTEMA', current_timestamp, 'SISTEMA', gen_random_uuid ());
INSERT INTO risca_d_messaggio (id_messaggio, id_tipo_messaggio, cod_messaggio, des_testo_messaggio, gest_data_ins, gest_attore_ins, gest_data_upd, gest_attore_upd, gest_uid) VALUES(125, 4, 'I020', 'Non è stato trovato su Acta un fascicolo consultabile associato alla pratica di riscossione.', current_timestamp, 'SISTEMA', current_timestamp, 'SISTEMA', gen_random_uuid ());
INSERT INTO risca_d_messaggio (id_messaggio, id_tipo_messaggio, cod_messaggio, des_testo_messaggio, gest_data_ins, gest_attore_ins, gest_data_upd, gest_attore_upd, gest_uid) VALUES(126, 4, 'I021', 'Non è stato trovato alcun documento nel fascicolo associato alla pratica.', current_timestamp, 'SISTEMA', current_timestamp, 'SISTEMA', gen_random_uuid ());
INSERT INTO risca_d_messaggio (id_messaggio, id_tipo_messaggio, cod_messaggio, des_testo_messaggio, gest_data_ins, gest_attore_ins, gest_data_upd, gest_attore_upd, gest_uid) VALUES(127, 4, 'I022', 'Non è stato trovato alcun file associato al documento.', current_timestamp, 'SISTEMA', current_timestamp, 'SISTEMA', gen_random_uuid ());
INSERT INTO risca_d_messaggio (id_messaggio, id_tipo_messaggio, cod_messaggio, des_testo_messaggio, gest_data_ins, gest_attore_ins, gest_data_upd, gest_attore_upd, gest_uid) VALUES(128, 2, 'E072', 'Non è stato possibile scaricare il file associato al documento.', current_timestamp, 'SISTEMA', current_timestamp, 'SISTEMA', gen_random_uuid ());
INSERT INTO risca_d_messaggio (id_messaggio, id_tipo_messaggio, cod_messaggio, des_testo_messaggio, gest_data_ins, gest_attore_ins, gest_data_upd, gest_attore_upd, gest_uid) VALUES(129, 2, 'E073', 'Impossibile salvare il soggetto', current_timestamp, 'SISTEMA', current_timestamp, 'SISTEMA', gen_random_uuid ());
INSERT INTO risca_d_messaggio (id_messaggio, id_tipo_messaggio, cod_messaggio, des_testo_messaggio, gest_data_ins, gest_attore_ins, gest_data_upd, gest_attore_upd, gest_uid) VALUES(130, 2, 'E074', 'Impossibile inserire un soggetto già presente', current_timestamp, 'SISTEMA', current_timestamp, 'SISTEMA', gen_random_uuid ());
INSERT INTO risca_d_messaggio (id_messaggio, id_tipo_messaggio, cod_messaggio, des_testo_messaggio, gest_data_ins, gest_attore_ins, gest_data_upd, gest_attore_upd, gest_uid) VALUES(131, 2, 'E075', 'Attenzione: il soggetto ricercato non è presente in anagrafica. Effettuare un''altra ricerca"', current_timestamp, 'SISTEMA', current_timestamp, 'SISTEMA', gen_random_uuid ());
INSERT INTO risca_d_messaggio (id_messaggio, id_tipo_messaggio, cod_messaggio, des_testo_messaggio, gest_data_ins, gest_attore_ins, gest_data_upd, gest_attore_upd, gest_uid) VALUES(132, 4, 'I023', 'Non ci sono rate da visualizzare', current_timestamp, 'SISTEMA', current_timestamp, 'SISTEMA', gen_random_uuid ());
INSERT INTO risca_d_messaggio (id_messaggio, id_tipo_messaggio, cod_messaggio, des_testo_messaggio, gest_data_ins, gest_attore_ins, gest_data_upd, gest_attore_upd, gest_uid) VALUES(133, 2, 'E051', 'Attenzione. lo stato debitorio non è modificabile perchè c''è una compensazione', current_timestamp, 'SISTEMA', current_timestamp, 'SISTEMA', gen_random_uuid ());
INSERT INTO risca_d_messaggio (id_messaggio, id_tipo_messaggio, cod_messaggio, des_testo_messaggio, gest_data_ins, gest_attore_ins, gest_data_upd, gest_attore_upd, gest_uid) VALUES(134, 2, 'E077', 'Attenzione: sono presenti dei rimborsi da compensare o compensati. Non è possibile modificare lo stato debitorio.', current_timestamp, 'SISTEMA', current_timestamp, 'SISTEMA', gen_random_uuid ());
INSERT INTO risca_d_messaggio (id_messaggio, id_tipo_messaggio, cod_messaggio, des_testo_messaggio, gest_data_ins, gest_attore_ins, gest_data_upd, gest_attore_upd, gest_uid) VALUES(135, 3, 'A018', 'Attenzione: è associata un''attività "Da inviare a riscossione coattiva" ed è valorizzata la data di iscrizione a ruolo. Annullo per procedere?"', current_timestamp, 'SISTEMA', current_timestamp, 'SISTEMA', gen_random_uuid ());
INSERT INTO risca_d_messaggio (id_messaggio, id_tipo_messaggio, cod_messaggio, des_testo_messaggio, gest_data_ins, gest_attore_ins, gest_data_upd, gest_attore_upd, gest_uid) VALUES(136, 3, 'A019', 'Attenzione: sono presenti dei rimborsi da compensare o compensati. Non è possibile modificare lo stato debitorio.', current_timestamp, 'SISTEMA', current_timestamp, 'SISTEMA', gen_random_uuid ());
INSERT INTO risca_d_messaggio (id_messaggio, id_tipo_messaggio, cod_messaggio, des_testo_messaggio, gest_data_ins, gest_attore_ins, gest_data_upd, gest_attore_upd, gest_uid) VALUES(137, 1, 'P007', 'Lo stato debitorio è stato inserito/modificato correttamente.', current_timestamp, 'SISTEMA', current_timestamp, 'SISTEMA', gen_random_uuid ());
INSERT INTO risca_d_messaggio (id_messaggio, id_tipo_messaggio, cod_messaggio, des_testo_messaggio, gest_data_ins, gest_attore_ins, gest_data_upd, gest_attore_upd, gest_uid) VALUES(138, 2, 'E078', 'Attenzione: esiste già uno stato debitorio con flag invio speciale', current_timestamp, 'SISTEMA', current_timestamp, 'SISTEMA', gen_random_uuid ());
INSERT INTO risca_d_messaggio (id_messaggio, id_tipo_messaggio, cod_messaggio, des_testo_messaggio, gest_data_ins, gest_attore_ins, gest_data_upd, gest_attore_upd, gest_uid) VALUES(139, 2, 'E048', 'Attenzione: allo stato debitorio deve essere associata almeno un''annualità', current_timestamp, 'SISTEMA', current_timestamp, 'SISTEMA', gen_random_uuid ());
INSERT INTO risca_d_messaggio (id_messaggio, id_tipo_messaggio, cod_messaggio, des_testo_messaggio, gest_data_ins, gest_attore_ins, gest_data_upd, gest_attore_upd, gest_uid) VALUES(140, 2, 'E049', 'Attenzione: ad ogni annualità deve essere associato almeno un uso', current_timestamp, 'SISTEMA', current_timestamp, 'SISTEMA', gen_random_uuid ());
INSERT INTO risca_d_messaggio (id_messaggio, id_tipo_messaggio, cod_messaggio, des_testo_messaggio, gest_data_ins, gest_attore_ins, gest_data_upd, gest_attore_upd, gest_uid) VALUES(141, 2, 'E053', 'Attenzione: il periodo di pagamento deve essere inserito', current_timestamp, 'SISTEMA', current_timestamp, 'SISTEMA', gen_random_uuid ());
INSERT INTO risca_d_messaggio (id_messaggio, id_tipo_messaggio, cod_messaggio, des_testo_messaggio, gest_data_ins, gest_attore_ins, gest_data_upd, gest_attore_upd, gest_uid) VALUES(142, 2, 'E054', 'Attenzione: non è stata valorizzata la data di scadenza del pagamento', current_timestamp, 'SISTEMA', current_timestamp, 'SISTEMA', gen_random_uuid ());
INSERT INTO risca_d_messaggio (id_messaggio, id_tipo_messaggio, cod_messaggio, des_testo_messaggio, gest_data_ins, gest_attore_ins, gest_data_upd, gest_attore_upd, gest_uid) VALUES(143, 3, 'A023', 'Attenzione: è associata un''attività diversa "Da inviare a riscossione coattiva". Annullo per procedere?"', current_timestamp, 'SISTEMA', current_timestamp, 'SISTEMA', gen_random_uuid ());
INSERT INTO risca_d_messaggio (id_messaggio, id_tipo_messaggio, cod_messaggio, des_testo_messaggio, gest_data_ins, gest_attore_ins, gest_data_upd, gest_attore_upd, gest_uid) VALUES(144, 2, 'E079', 'Attenzione: è'' associata un''attività "Da inviare a riscossione coattiva" ed è valorizzata la data di iscrizione a ruolo". Non è possibile effettuare la modifica.               ', current_timestamp, 'SISTEMA', current_timestamp, 'SISTEMA', gen_random_uuid ());
INSERT INTO risca_d_messaggio (id_messaggio, id_tipo_messaggio, cod_messaggio, des_testo_messaggio, gest_data_ins, gest_attore_ins, gest_data_upd, gest_attore_upd, gest_uid) VALUES(145, 2, 'E080', 'Attenzione: è associata un''attività diversa "Da inviare a riscossione coattiva".Non è possibile effettuare la modifica.    ', current_timestamp, 'SISTEMA', current_timestamp, 'SISTEMA', gen_random_uuid ());
INSERT INTO risca_d_messaggio (id_messaggio, id_tipo_messaggio, cod_messaggio, des_testo_messaggio, gest_data_ins, gest_attore_ins, gest_data_upd, gest_attore_upd, gest_uid) VALUES(146, 1, 'P008', 'Il creditore è stato correttamente modificato.', current_timestamp, 'SISTEMA', current_timestamp, 'SISTEMA', gen_random_uuid ());
INSERT INTO risca_d_messaggio (id_messaggio, id_tipo_messaggio, cod_messaggio, des_testo_messaggio, gest_data_ins, gest_attore_ins, gest_data_upd, gest_attore_upd, gest_uid) VALUES(147, 2, 'E081', 'Attenzione: Il provvedimento è legato ad uno stato debitorio. Impossibile procedere con l’eliminazione', current_timestamp, 'SISTEMA', current_timestamp, 'SISTEMA', gen_random_uuid ());
INSERT INTO risca_d_messaggio (id_messaggio, id_tipo_messaggio, cod_messaggio, des_testo_messaggio, gest_data_ins, gest_attore_ins, gest_data_upd, gest_attore_upd, gest_uid) VALUES(148, 2, 'E082', 'Attenzione: l''importo da assegnare supera l''importo mancante con interessi!', current_timestamp, 'SISTEMA', current_timestamp, 'SISTEMA', gen_random_uuid ());
INSERT INTO risca_d_messaggio (id_messaggio, id_tipo_messaggio, cod_messaggio, des_testo_messaggio, gest_data_ins, gest_attore_ins, gest_data_upd, gest_attore_upd, gest_uid) VALUES(149, 2, 'E083', 'Attenzione, dilazione non applicabile', current_timestamp, 'SISTEMA', current_timestamp, 'SISTEMA', gen_random_uuid ());
INSERT INTO risca_d_messaggio (id_messaggio, id_tipo_messaggio, cod_messaggio, des_testo_messaggio, gest_data_ins, gest_attore_ins, gest_data_upd, gest_attore_upd, gest_uid) VALUES(150, 3, 'A024', 'Attenzione: non è possibile inserire più di un rateo prima annualità.', current_timestamp, 'SISTEMA', current_timestamp, 'SISTEMA', gen_random_uuid ());
INSERT INTO risca_d_messaggio (id_messaggio, id_tipo_messaggio, cod_messaggio, des_testo_messaggio, gest_data_ins, gest_attore_ins, gest_data_upd, gest_attore_upd, gest_uid) VALUES(151, 2, 'E084', 'Errore: non è possibile inserire più di un rateo prima annualità.', current_timestamp, 'SISTEMA', current_timestamp, 'SISTEMA', gen_random_uuid ());
INSERT INTO risca_d_messaggio (id_messaggio, id_tipo_messaggio, cod_messaggio, des_testo_messaggio, gest_data_ins, gest_attore_ins, gest_data_upd, gest_attore_upd, gest_uid) VALUES(152, 5, 'F010', 'Comune non valido', current_timestamp, 'SISTEMA', current_timestamp, 'SISTEMA', gen_random_uuid ());
INSERT INTO risca_d_messaggio (id_messaggio, id_tipo_messaggio, cod_messaggio, des_testo_messaggio, gest_data_ins, gest_attore_ins, gest_data_upd, gest_attore_upd, gest_uid) VALUES(153, 2, 'E085', 'Attenzione: il comune di uno o più recapiti non è più valido. Prima di procedere è necessario selezionare un comune valido.', current_timestamp, 'SISTEMA', current_timestamp, 'SISTEMA', gen_random_uuid ());
INSERT INTO risca_d_messaggio (id_messaggio, id_tipo_messaggio, cod_messaggio, des_testo_messaggio, gest_data_ins, gest_attore_ins, gest_data_upd, gest_attore_upd, gest_uid) VALUES(154, 2, 'E076', 'Attenzione: ci sono più stati debitori collegati allo stesso NAP: estendere la modifica della data a tutti ?', current_timestamp, 'SISTEMA', current_timestamp, 'SISTEMA', gen_random_uuid ());
INSERT INTO risca_d_messaggio (id_messaggio, id_tipo_messaggio, cod_messaggio, des_testo_messaggio, gest_data_ins, gest_attore_ins, gest_data_upd, gest_attore_upd, gest_uid) VALUES(155, 3, 'A025', 'Attenzione:  non è possibile annullare lo stato debitorio in quanto sono presenti solleci/ruoli attivi’', current_timestamp, 'SISTEMA', current_timestamp, 'SISTEMA', gen_random_uuid ());
INSERT INTO risca_d_messaggio (id_messaggio, id_tipo_messaggio, cod_messaggio, des_testo_messaggio, gest_data_ins, gest_attore_ins, gest_data_upd, gest_attore_upd, gest_uid) VALUES(156, 2, 'E086', 'Attenzione: il codice progressivo utenza non è stato specificato correttamente. Se non si vuole specificare non mettere il tag nel json', current_timestamp, 'SISTEMA', current_timestamp, 'SISTEMA', gen_random_uuid ());
INSERT INTO risca_d_messaggio (id_messaggio, id_tipo_messaggio, cod_messaggio, des_testo_messaggio, gest_data_ins, gest_attore_ins, gest_data_upd, gest_attore_upd, gest_uid) VALUES(157, 2, 'E087', 'Attenzione non esiste il tipo dilazione', current_timestamp, 'SISTEMA', current_timestamp, 'SISTEMA', gen_random_uuid ());
INSERT INTO risca_d_messaggio (id_messaggio, id_tipo_messaggio, cod_messaggio, des_testo_messaggio, gest_data_ins, gest_attore_ins, gest_data_upd, gest_attore_upd, gest_uid) VALUES(158, 3, 'A026', 'Il NAP è associato a più stati debitori. Modificare la data scadenza su tutti ?', current_timestamp, 'SISTEMA', current_timestamp, 'SISTEMA', gen_random_uuid ());
INSERT INTO risca_d_messaggio (id_messaggio, id_tipo_messaggio, cod_messaggio, des_testo_messaggio, gest_data_ins, gest_attore_ins, gest_data_upd, gest_attore_upd, gest_uid) VALUES(159, 3, 'A028', 'Attenzione: lo stato IUV non è attivo. Effettuare la modifica anche agli altri Stati Debitori con lo stesso NAP ?', current_timestamp, 'SISTEMA', current_timestamp, 'SISTEMA', gen_random_uuid ());
INSERT INTO risca_d_messaggio (id_messaggio, id_tipo_messaggio, cod_messaggio, des_testo_messaggio, gest_data_ins, gest_attore_ins, gest_data_upd, gest_attore_upd, gest_uid) VALUES(160, 2, 'E088', 'Attenzione: non sono presenti tutti gli intervalli di date per il calcolo delle percentuali !', current_timestamp, 'SISTEMA', current_timestamp, 'SISTEMA', gen_random_uuid ());
INSERT INTO risca_d_messaggio (id_messaggio, id_tipo_messaggio, cod_messaggio, des_testo_messaggio, gest_data_ins, gest_attore_ins, gest_data_upd, gest_attore_upd, gest_uid) VALUES(161, 2, 'E089', 'Attenzione:lo stato IUV è attivo.  Non è possibile effettuare la modifica.', current_timestamp, 'SISTEMA', current_timestamp, 'SISTEMA', gen_random_uuid ());
INSERT INTO risca_d_messaggio (id_messaggio, id_tipo_messaggio, cod_messaggio, des_testo_messaggio, gest_data_ins, gest_attore_ins, gest_data_upd, gest_attore_upd, gest_uid) VALUES(162, 2, 'E090', 'Attenzione:lo stato IUV non  è attivo.  Non è possibile effettuare la modifica.', current_timestamp, 'SISTEMA', current_timestamp, 'SISTEMA', gen_random_uuid ());
INSERT INTO risca_d_messaggio (id_messaggio, id_tipo_messaggio, cod_messaggio, des_testo_messaggio, gest_data_ins, gest_attore_ins, gest_data_upd, gest_attore_upd, gest_uid) VALUES(163, 2, 'E091', 'Attenzione:non esiste uno stato IUV.  Non è possibile effettuare la modifica.', current_timestamp, 'SISTEMA', current_timestamp, 'SISTEMA', gen_random_uuid ());
INSERT INTO risca_d_messaggio (id_messaggio, id_tipo_messaggio, cod_messaggio, des_testo_messaggio, gest_data_ins, gest_attore_ins, gest_data_upd, gest_attore_upd, gest_uid) VALUES(164, 3, 'A029', 'Attenzione: stai annullando l''elaborazione selezionata. \n Vuoi procedere ?', current_timestamp, 'SISTEMA', current_timestamp, 'SISTEMA', gen_random_uuid ());
INSERT INTO risca_d_messaggio (id_messaggio, id_tipo_messaggio, cod_messaggio, des_testo_messaggio, gest_data_ins, gest_attore_ins, gest_data_upd, gest_attore_upd, gest_uid) VALUES(165, 4, 'I025', 'Fallito l''inserimento nella fonte SCRIVA.', current_timestamp, 'SISTEMA', current_timestamp, 'SISTEMA', gen_random_uuid ());
INSERT INTO risca_d_messaggio (id_messaggio, id_tipo_messaggio, cod_messaggio, des_testo_messaggio, gest_data_ins, gest_attore_ins, gest_data_upd, gest_attore_upd, gest_uid) VALUES(166, 4, 'I024', 'Attenzione: la riscossione è già aperta da {PH_UTENTE_LOCK}. Sarà possibile aprirla in sola consultazione', current_timestamp, 'SISTEMA', current_timestamp, 'SISTEMA', gen_random_uuid ());
INSERT INTO risca_d_messaggio (id_messaggio, id_tipo_messaggio, cod_messaggio, des_testo_messaggio, gest_data_ins, gest_attore_ins, gest_data_upd, gest_attore_upd, gest_uid) VALUES(167, 4, 'I026', 'Attenzione: la riscossione non risulta lockata quindi non è possibile effettuare modifiche', current_timestamp, 'SISTEMA', current_timestamp, 'SISTEMA', gen_random_uuid ());
INSERT INTO risca_d_messaggio (id_messaggio, id_tipo_messaggio, cod_messaggio, des_testo_messaggio, gest_data_ins, gest_attore_ins, gest_data_upd, gest_attore_upd, gest_uid) VALUES(168, 3, 'A027', 'Attenzione: Effettuare la modifica a tutti gli Stati Debitori correlati allo stesso NAP?', current_timestamp, 'SISTEMA', current_timestamp, 'SISTEMA', gen_random_uuid ());
INSERT INTO risca_d_messaggio (id_messaggio, id_tipo_messaggio, cod_messaggio, des_testo_messaggio, gest_data_ins, gest_attore_ins, gest_data_upd, gest_attore_upd, gest_uid) VALUES(169, 4, 'I027', 'L''operazione di export si è conclusa correttamente, scarica i report richiesti.', current_timestamp, 'SISTEMA', current_timestamp, 'SISTEMA', gen_random_uuid ());
INSERT INTO risca_d_messaggio (id_messaggio, id_tipo_messaggio, cod_messaggio, des_testo_messaggio, gest_data_ins, gest_attore_ins, gest_data_upd, gest_attore_upd, gest_uid) VALUES(170, 4, 'I028', 'E'' possibile creare uno o più Report: la disponibilità del/i Report sarà segnalata dalla comparsa del contatore, l''operazione potrebbe richiedere alcuni minuti.', current_timestamp, 'SISTEMA', current_timestamp, 'SISTEMA', gen_random_uuid ());
INSERT INTO risca_d_messaggio (id_messaggio, id_tipo_messaggio, cod_messaggio, des_testo_messaggio, gest_data_ins, gest_attore_ins, gest_data_upd, gest_attore_upd, gest_uid) VALUES(171, 1, 'P009', 'La generazione del report è stata avviata correttamente. Il risultato sarà disponibile nella sezione ''Report'' al termine dell''elaborazione.', current_timestamp, 'SISTEMA', current_timestamp, 'SISTEMA', gen_random_uuid ());
INSERT INTO risca_d_messaggio (id_messaggio, id_tipo_messaggio, cod_messaggio, des_testo_messaggio, gest_data_ins, gest_attore_ins, gest_data_upd, gest_attore_upd, gest_uid) VALUES(172, 2, 'E092', 'La creazione del <strong>{TIPO_REPORT}</strong> richiesto in data <strong>{TIMESTAMP}</strong> non è andata a buon fine: è necessario ripetere la richiesta.', current_timestamp, 'SISTEMA', current_timestamp, 'SISTEMA', gen_random_uuid ());
INSERT INTO risca_d_messaggio (id_messaggio, id_tipo_messaggio, cod_messaggio, des_testo_messaggio, gest_data_ins, gest_attore_ins, gest_data_upd, gest_attore_upd, gest_uid) VALUES(173, 1, 'P010', 'Il download del file è avvenuto con successo.', current_timestamp, 'SISTEMA', current_timestamp, 'SISTEMA', gen_random_uuid ());
INSERT INTO risca_d_messaggio (id_messaggio, id_tipo_messaggio, cod_messaggio, des_testo_messaggio, gest_data_ins, gest_attore_ins, gest_data_upd, gest_attore_upd, gest_uid) VALUES(174, 2, 'E093', 'Non è stato possibile effettuare il download del file.', current_timestamp, 'SISTEMA', current_timestamp, 'SISTEMA', gen_random_uuid ());
INSERT INTO risca_d_messaggio (id_messaggio, id_tipo_messaggio, cod_messaggio, des_testo_messaggio, gest_data_ins, gest_attore_ins, gest_data_upd, gest_attore_upd, gest_uid) VALUES(175, 2, 'E094', 'La data di fine periodo deve essere posteriore alla data di inizio periodo.', current_timestamp, 'SISTEMA', current_timestamp, 'SISTEMA', gen_random_uuid ());
INSERT INTO risca_d_messaggio (id_messaggio, id_tipo_messaggio, cod_messaggio, des_testo_messaggio, gest_data_ins, gest_attore_ins, gest_data_upd, gest_attore_upd, gest_uid) VALUES(176, 2, 'E095', 'Le date di inizio e fine periodo devono essere nello stesso anno. ', current_timestamp, 'SISTEMA', current_timestamp, 'SISTEMA', gen_random_uuid ());
INSERT INTO risca_d_messaggio (id_messaggio, id_tipo_messaggio, cod_messaggio, des_testo_messaggio, gest_data_ins, gest_attore_ins, gest_data_upd, gest_attore_upd, gest_uid) VALUES(177, 4, 'I029', 'Selezionare almeno un criterio di ricerca', current_timestamp, 'SISTEMA', current_timestamp, 'SISTEMA', gen_random_uuid ());
INSERT INTO risca_d_messaggio (id_messaggio, id_tipo_messaggio, cod_messaggio, des_testo_messaggio, gest_data_ins, gest_attore_ins, gest_data_upd, gest_attore_upd, gest_uid) VALUES(178, 4, 'I030', 'Non sono presenti pagamenti da visionare', current_timestamp, 'SISTEMA', current_timestamp, 'SISTEMA', gen_random_uuid ());
INSERT INTO risca_d_messaggio (id_messaggio, id_tipo_messaggio, cod_messaggio, des_testo_messaggio, gest_data_ins, gest_attore_ins, gest_data_upd, gest_attore_upd, gest_uid) VALUES(179, 4, 'I031', 'La verifica degli importi è andata a buon fine. Procedere con il salvataggio', current_timestamp, 'SISTEMA', current_timestamp, 'SISTEMA', gen_random_uuid ());
INSERT INTO risca_d_messaggio (id_messaggio, id_tipo_messaggio, cod_messaggio, des_testo_messaggio, gest_data_ins, gest_attore_ins, gest_data_upd, gest_attore_upd, gest_uid) VALUES(180, 2, 'E096', 'Attenzione: importi incongruenti. Impossibile procedere con l’assegnazione', current_timestamp, 'SISTEMA', current_timestamp, 'SISTEMA', gen_random_uuid ());
INSERT INTO risca_d_messaggio (id_messaggio, id_tipo_messaggio, cod_messaggio, des_testo_messaggio, gest_data_ins, gest_attore_ins, gest_data_upd, gest_attore_upd, gest_uid) VALUES(181, 2, 'E097', 'Attenzione: il soggetto del versamento è obbligatorio', current_timestamp, 'SISTEMA', current_timestamp, 'SISTEMA', gen_random_uuid ());
INSERT INTO risca_d_messaggio (id_messaggio, id_tipo_messaggio, cod_messaggio, des_testo_messaggio, gest_data_ins, gest_attore_ins, gest_data_upd, gest_attore_upd, gest_uid) VALUES(182, 2, 'E098', 'Importo Canone e Canone Unitario devono essere entrambi valorizzati', current_timestamp, 'SISTEMA', current_timestamp, 'SISTEMA', gen_random_uuid ());
INSERT INTO risca_d_messaggio (id_messaggio, id_tipo_messaggio, cod_messaggio, des_testo_messaggio, gest_data_ins, gest_attore_ins, gest_data_upd, gest_attore_upd, gest_uid) VALUES(183, 4, 'I032', 'L''estrazione dei report trasversali è disabilitata. E'' possibile visualizzare in questa pagina i report richiesti nelle funzionalità di ricerca.', current_timestamp, 'SISTEMA', current_timestamp, 'SISTEMA', gen_random_uuid ());
INSERT INTO risca_d_messaggio (id_messaggio, id_tipo_messaggio, cod_messaggio, des_testo_messaggio, gest_data_ins, gest_attore_ins, gest_data_upd, gest_attore_upd, gest_uid) VALUES(184, 2, 'E099', 'Sono stati già assegnati importi allo stesso Stato Debitorio - Modificare la selezione per procedere', current_timestamp, 'SISTEMA', current_timestamp, 'SISTEMA', gen_random_uuid ());
INSERT INTO risca_d_messaggio (id_messaggio, id_tipo_messaggio, cod_messaggio, des_testo_messaggio, gest_data_ins, gest_attore_ins, gest_data_upd, gest_attore_upd, gest_uid) VALUES(185, 4, 'I033', '<strong>Informazione</strong><br>L''accesso al servizio è riservato a:<br>- i titolari di concessioni;<br>- i referenti di un gruppo titolare di concessioni;<br>- i loro delegati.<br>Per informazioni consultare il <a href="{PH_LINK_ERR_ACC}">link</a> dedicato.', current_timestamp, 'SISTEMA', current_timestamp, 'SISTEMA', gen_random_uuid ());
INSERT INTO risca_d_messaggio (id_messaggio, id_tipo_messaggio, cod_messaggio, des_testo_messaggio, gest_data_ins, gest_attore_ins, gest_data_upd, gest_attore_upd, gest_uid) VALUES(186, 4, 'I034', 'Il servizio non è al momento attivo.', current_timestamp, 'SISTEMA', current_timestamp, 'SISTEMA', gen_random_uuid ());
INSERT INTO risca_d_messaggio (id_messaggio, id_tipo_messaggio, cod_messaggio, des_testo_messaggio, gest_data_ins, gest_attore_ins, gest_data_upd, gest_attore_upd, gest_uid) VALUES(187, 2, 'E100', 'Attenzione nel caso di Triplicazione non è consentito inserire un valore di quantità falda profonda pari a 0', current_timestamp, 'SISTEMA', current_timestamp, 'SISTEMA', gen_random_uuid ());
INSERT INTO risca_d_messaggio (id_messaggio, id_tipo_messaggio, cod_messaggio, des_testo_messaggio, gest_data_ins, gest_attore_ins, gest_data_upd, gest_attore_upd, gest_uid) VALUES(188, 4, 'I035', 'Non sono stati trovati pagamenti per l’annualità di canone. ', current_timestamp, 'SISTEMA', current_timestamp, 'SISTEMA', gen_random_uuid ());
INSERT INTO risca_d_messaggio (id_messaggio, id_tipo_messaggio, cod_messaggio, des_testo_messaggio, gest_data_ins, gest_attore_ins, gest_data_upd, gest_attore_upd, gest_uid) VALUES(189, 2, 'E101', 'Attenzione - Esiste già una elaborazione eseguita e terminata correttamente per lo stesso anno', current_timestamp, 'SISTEMA', current_timestamp, 'SISTEMA', gen_random_uuid ());
INSERT INTO risca_d_messaggio (id_messaggio, id_tipo_messaggio, cod_messaggio, des_testo_messaggio, gest_data_ins, gest_attore_ins, gest_data_upd, gest_attore_upd, gest_uid) VALUES(190, 4, 'I036', 'Non sono state trovate pratiche di riscossione di competenza dell''utente collegato.', current_timestamp, 'SISTEMA', current_timestamp, 'SISTEMA', gen_random_uuid ());
INSERT INTO risca_d_messaggio (id_messaggio, id_tipo_messaggio, cod_messaggio, des_testo_messaggio, gest_data_ins, gest_attore_ins, gest_data_upd, gest_attore_upd, gest_uid) VALUES(191, 4, 'I037', 'Il segno + indica che l''importo dovuto è relativo a più annualità.', current_timestamp, 'SISTEMA', current_timestamp, 'SISTEMA', gen_random_uuid ());
INSERT INTO risca_d_messaggio (id_messaggio, id_tipo_messaggio, cod_messaggio, des_testo_messaggio, gest_data_ins, gest_attore_ins, gest_data_upd, gest_attore_upd, gest_uid) VALUES(192, 4, 'I038', 'Il segno * indica che l''avviso di pagamento è relativo a più utenze dello stesso titolare.', current_timestamp, 'SISTEMA', current_timestamp, 'SISTEMA', gen_random_uuid ());
INSERT INTO risca_d_messaggio (id_messaggio, id_tipo_messaggio, cod_messaggio, des_testo_messaggio, gest_data_ins, gest_attore_ins, gest_data_upd, gest_attore_upd, gest_uid) VALUES(193, 4, 'I039', 'Non risultano annualità di canone relative alla pratica.', current_timestamp, 'SISTEMA', current_timestamp, 'SISTEMA', gen_random_uuid ());
INSERT INTO risca_d_messaggio (id_messaggio, id_tipo_messaggio, cod_messaggio, des_testo_messaggio, gest_data_ins, gest_attore_ins, gest_data_upd, gest_attore_upd, gest_uid) VALUES(194, 2, 'E102', 'Attenzione - Il valore specificato non è un numero valido. Usare la "," come separatore decimale. Inserire al massimo 7 cifre intere e 2 decimal', current_timestamp, 'SISTEMA', current_timestamp, 'SISTEMA', gen_random_uuid ());
INSERT INTO risca_d_messaggio (id_messaggio, id_tipo_messaggio, cod_messaggio, des_testo_messaggio, gest_data_ins, gest_attore_ins, gest_data_upd, gest_attore_upd, gest_uid) VALUES(195, 4, 'I040', 'Non risultano configurazioni relative ai canoni.', current_timestamp, 'SISTEMA', current_timestamp, 'SISTEMA', gen_random_uuid ());
INSERT INTO risca_d_messaggio (id_messaggio, id_tipo_messaggio, cod_messaggio, des_testo_messaggio, gest_data_ins, gest_attore_ins, gest_data_upd, gest_attore_upd, gest_uid) VALUES(196, 4, 'I041', 'Non risultano usi specifici associati all''uso selezionato.', current_timestamp, 'SISTEMA', current_timestamp, 'SISTEMA', gen_random_uuid ());
INSERT INTO risca_d_messaggio (id_messaggio, id_tipo_messaggio, cod_messaggio, des_testo_messaggio, gest_data_ins, gest_attore_ins, gest_data_upd, gest_attore_upd, gest_uid) VALUES(197, 2, 'E103', 'La configurazione indicata non corisponde a quanto definito per l''Uso selezionato. Contattare l''assistenza.', current_timestamp, 'SISTEMA', current_timestamp, 'SISTEMA', gen_random_uuid ());
INSERT INTO risca_d_messaggio (id_messaggio, id_tipo_messaggio, cod_messaggio, des_testo_messaggio, gest_data_ins, gest_attore_ins, gest_data_upd, gest_attore_upd, gest_uid) VALUES(198, 2, 'E104', 'Inserire almeno due righe per salvare la configurazione. ', current_timestamp, 'SISTEMA', current_timestamp, 'SISTEMA', gen_random_uuid ());
INSERT INTO risca_d_messaggio (id_messaggio, id_tipo_messaggio, cod_messaggio, des_testo_messaggio, gest_data_ins, gest_attore_ins, gest_data_upd, gest_attore_upd, gest_uid) VALUES(199, 2, 'E105', 'Attenzione! Gli intervalli definiti si sovrappongono.', current_timestamp, 'SISTEMA', current_timestamp, 'SISTEMA', gen_random_uuid ());
INSERT INTO risca_d_messaggio (id_messaggio, id_tipo_messaggio, cod_messaggio, des_testo_messaggio, gest_data_ins, gest_attore_ins, gest_data_upd, gest_attore_upd, gest_uid) VALUES(200, 4, 'I042', '(*) L''importo versato è relativo all''avviso di pagamento ed è pertanto comprensivo delle somme dovute per tutte le pratiche di riscossione di competenza.', current_timestamp, 'SISTEMA', current_timestamp, 'SISTEMA', gen_random_uuid ());
INSERT INTO risca_d_messaggio (id_messaggio, id_tipo_messaggio, cod_messaggio, des_testo_messaggio, gest_data_ins, gest_attore_ins, gest_data_upd, gest_attore_upd, gest_uid) VALUES(201, 4, 'I043', 'Annualità {ANNO} creata correttamente!', current_timestamp, 'SISTEMA', current_timestamp, 'SISTEMA', gen_random_uuid ());
INSERT INTO risca_d_messaggio (id_messaggio, id_tipo_messaggio, cod_messaggio, des_testo_messaggio, gest_data_ins, gest_attore_ins, gest_data_upd, gest_attore_upd, gest_uid) VALUES(202, 2, 'E106', 'Il campo ''Anno'' deve essere un numero intero di 4 cifre.', current_timestamp, 'SISTEMA', current_timestamp, 'SISTEMA', gen_random_uuid ());
INSERT INTO risca_d_messaggio (id_messaggio, id_tipo_messaggio, cod_messaggio, des_testo_messaggio, gest_data_ins, gest_attore_ins, gest_data_upd, gest_attore_upd, gest_uid) VALUES(203, 4, 'I044', 'Numero di giorni per i quali viene applicato l''interesse legale. Per i restanti giorni di ritardo si calcolano gli interessi di mora.', current_timestamp, 'SISTEMA', current_timestamp, 'SISTEMA', gen_random_uuid ());
INSERT INTO risca_d_messaggio (id_messaggio, id_tipo_messaggio, cod_messaggio, des_testo_messaggio, gest_data_ins, gest_attore_ins, gest_data_upd, gest_attore_upd, gest_uid) VALUES(204, 2, 'E107', 'Inserire un numero con al massimo 3 interi e 4 decimali.', current_timestamp, 'SISTEMA', current_timestamp, 'SISTEMA', gen_random_uuid ());
INSERT INTO risca_d_messaggio (id_messaggio, id_tipo_messaggio, cod_messaggio, des_testo_messaggio, gest_data_ins, gest_attore_ins, gest_data_upd, gest_attore_upd, gest_uid) VALUES(205, 2, 'E108', 'Inserire un numero con al massimo 5 interi e 4 decimali.', current_timestamp, 'SISTEMA', current_timestamp, 'SISTEMA', gen_random_uuid ());
INSERT INTO risca_d_messaggio (id_messaggio, id_tipo_messaggio, cod_messaggio, des_testo_messaggio, gest_data_ins, gest_attore_ins, gest_data_upd, gest_attore_upd, gest_uid) VALUES(206, 2, 'E109', 'Inserire un numero con al massimo 7 interi e 2 decimali.', current_timestamp, 'SISTEMA', current_timestamp, 'SISTEMA', gen_random_uuid ());
INSERT INTO risca_d_messaggio (id_messaggio, id_tipo_messaggio, cod_messaggio, des_testo_messaggio, gest_data_ins, gest_attore_ins, gest_data_upd, gest_attore_upd, gest_uid) VALUES(207, 2, 'E110', 'Attenzione - Il valore specificato non è un numero valido. Usare la "," come separatore decimale. ', current_timestamp, 'SISTEMA', current_timestamp, 'SISTEMA', gen_random_uuid ());
INSERT INTO risca_d_messaggio (id_messaggio, id_tipo_messaggio, cod_messaggio, des_testo_messaggio, gest_data_ins, gest_attore_ins, gest_data_upd, gest_attore_upd, gest_uid) VALUES(208, 4, 'I045', 'Non risultano configurazioni relative ai tassi d''interesse.', current_timestamp, 'SISTEMA', current_timestamp, 'SISTEMA', gen_random_uuid ());
INSERT INTO risca_d_messaggio (id_messaggio, id_tipo_messaggio, cod_messaggio, des_testo_messaggio, gest_data_ins, gest_attore_ins, gest_data_upd, gest_attore_upd, gest_uid) VALUES(209, 3, 'A030', 'Attenzione! Sono state effettuate delle modifiche non salvate. Procedere con il salvataggio? ', current_timestamp, 'SISTEMA', current_timestamp, 'SISTEMA', gen_random_uuid ());
INSERT INTO risca_d_messaggio (id_messaggio, id_tipo_messaggio, cod_messaggio, des_testo_messaggio, gest_data_ins, gest_attore_ins, gest_data_upd, gest_attore_upd, gest_uid) VALUES(210, 2, 'E111', 'Inserire un numero intero positivo di al massimo 3 cifre.', current_timestamp, 'SISTEMA', current_timestamp, 'SISTEMA', gen_random_uuid ());
INSERT INTO risca_d_messaggio (id_messaggio, id_tipo_messaggio, cod_messaggio, des_testo_messaggio, gest_data_ins, gest_attore_ins, gest_data_upd, gest_attore_upd, gest_uid) VALUES(211, 2, 'E112', 'La nuova annualità deve essere successiva all''ultima annualità presente.', current_timestamp, 'SISTEMA', current_timestamp, 'SISTEMA', gen_random_uuid ());
INSERT INTO risca_d_messaggio (id_messaggio, id_tipo_messaggio, cod_messaggio, des_testo_messaggio, gest_data_ins, gest_attore_ins, gest_data_upd, gest_attore_upd, gest_uid) VALUES(212, 2, 'E113', 'La data di inizio del nuovo tasso di interesse deve essere successiva alle precedenti.', current_timestamp, 'SISTEMA', current_timestamp, 'SISTEMA', gen_random_uuid ());
INSERT INTO risca_d_messaggio (id_messaggio, id_tipo_messaggio, cod_messaggio, des_testo_messaggio, gest_data_ins, gest_attore_ins, gest_data_upd, gest_attore_upd, gest_uid) VALUES(213, 2, 'E114', 'Il primo valore deve essere inferiore al secondo.', current_timestamp, 'VNRLRA71E44l219Y', current_timestamp, 'VNRLRA71E44l219Y', gen_random_uuid ());
INSERT INTO risca_d_messaggio (id_messaggio, id_tipo_messaggio, cod_messaggio, des_testo_messaggio, gest_data_ins, gest_attore_ins, gest_data_upd, gest_attore_upd, gest_uid) VALUES(214, 2, 'E115', 'Non è possibile impostare rateo prima annualità nell''anno di scadenza concessione.', current_timestamp, 'SISTEMA', current_timestamp, 'SISTEMA', gen_random_uuid ());
INSERT INTO risca_d_messaggio (id_messaggio, id_tipo_messaggio, cod_messaggio, des_testo_messaggio, gest_data_ins, gest_attore_ins, gest_data_upd, gest_attore_upd, gest_uid) VALUES(215, 2, 'E116', 'La creazione del file 450 richiesto in data <strong>{TIMESTAMP}</strong> non è andata a buon fine: è necessario ripetere la richiesta.', current_timestamp, 'SISTEMA', current_timestamp, 'SISTEMA', gen_random_uuid ());
INSERT INTO risca_d_messaggio (id_messaggio, id_tipo_messaggio, cod_messaggio, des_testo_messaggio, gest_data_ins, gest_attore_ins, gest_data_upd, gest_attore_upd, gest_uid) VALUES(216, 1, 'P011', 'La generazione del file 450 è stata avviata correttamente. Il risultato sarà disponibile tra alcuni minuti nella sezione ''Report''.', current_timestamp, 'SISTEMA', current_timestamp, 'SISTEMA', gen_random_uuid ());
INSERT INTO risca_d_messaggio (id_messaggio, id_tipo_messaggio, cod_messaggio, des_testo_messaggio, gest_data_ins, gest_attore_ins, gest_data_upd, gest_attore_upd, gest_uid) VALUES(217, 4, 'I046', 'Per il report selezionato i risultati sono relativi all''anno civile. ', current_timestamp, 'SISTEMA', current_timestamp, 'SISTEMA', gen_random_uuid ());
INSERT INTO risca_d_messaggio (id_messaggio, id_tipo_messaggio, cod_messaggio, des_testo_messaggio, gest_data_ins, gest_attore_ins, gest_data_upd, gest_attore_upd, gest_uid) VALUES(218, 2, 'E117', 'Attenzione la somma degli importi da rimborsare/compensare è maggiore dell’importo eccedente. Non è possibile effettuare il salvataggio', current_timestamp, 'SISTEMA', current_timestamp, 'SISTEMA', gen_random_uuid ());
INSERT INTO risca_d_messaggio (id_messaggio, id_tipo_messaggio, cod_messaggio, des_testo_messaggio, gest_data_ins, gest_attore_ins, gest_data_upd, gest_attore_upd, gest_uid) VALUES(219, 3, 'E118', 'Attenzione: non è possibile rimuovere un recapito alternativo associato a uno stato debitorio.', current_timestamp, 'SISTEMA', current_timestamp, 'SISTEMA', gen_random_uuid ());
INSERT INTO risca_d_messaggio (id_messaggio, id_tipo_messaggio, cod_messaggio, des_testo_messaggio, gest_data_ins, gest_attore_ins, gest_data_upd, gest_attore_upd, gest_uid) VALUES(220, 4, 'I047', 'Attenzione: il salvataggio riporterà il pagamento in stato ''da visionare''', current_timestamp, 'SISTEMA', current_timestamp, 'SISTEMA', gen_random_uuid ());
INSERT INTO risca_d_messaggio (id_messaggio, id_tipo_messaggio, cod_messaggio, des_testo_messaggio, gest_data_ins, gest_attore_ins, gest_data_upd, gest_attore_upd, gest_uid) VALUES(221, 2, 'E119', 'Attenzione codice cava/miniera già presente nel sistema', current_timestamp, 'SISTEMA', current_timestamp, 'SISTEMA', gen_random_uuid ());
INSERT INTO risca_d_messaggio (id_messaggio, id_tipo_messaggio, cod_messaggio, des_testo_messaggio, gest_data_ins, gest_attore_ins, gest_data_upd, gest_attore_upd, gest_uid) VALUES(222, 2, 'E120', 'Attenzione codice cava/miniera deve essere compreso tra 0 e 10 caratteri.', current_timestamp, 'SISTEMA', current_timestamp, 'SISTEMA', gen_random_uuid ());
INSERT INTO risca_d_messaggio (id_messaggio, id_tipo_messaggio, cod_messaggio, des_testo_messaggio, gest_data_ins, gest_attore_ins, gest_data_upd, gest_attore_upd, gest_uid) VALUES(223, 2, 'E121', 'Attenzione progressivo utenza deve essere compreso tra 0 e 5 caratteri.', current_timestamp, 'SISTEMA', current_timestamp, 'SISTEMA', gen_random_uuid ());

-- risca_d_tipo_componente_dt
INSERT INTO risca_d_tipo_componente_dt (id_tipo_componente_dt, cod_tipo_componente_dt, des_tipo_componente_dt, gest_data_ins, gest_attore_ins, gest_data_upd, gest_attore_upd, gest_uid) VALUES(1, 'GESTIONE  ', 'Componente di Gestione                            ', current_timestamp, 'SISTEMA', current_timestamp, 'SISTEMA', gen_random_uuid ());
INSERT INTO risca_d_tipo_componente_dt (id_tipo_componente_dt, cod_tipo_componente_dt, des_tipo_componente_dt, gest_data_ins, gest_attore_ins, gest_data_upd, gest_attore_upd, gest_uid) VALUES(2, 'RICERCA   ', 'Componente di Ricerca                             ', current_timestamp, 'SISTEMA', current_timestamp, 'SISTEMA', gen_random_uuid ());

-- risca_d_mappa_fonte_esterna
INSERT INTO risca_d_mappa_fonte_esterna (id_mappa_fonte_esterna, cod_fonte_esterna, info_fonte, cod_fonte, cod_risca, gest_data_ins, gest_attore_ins, gest_data_upd, gest_attore_upd, gest_uid) VALUES(1, 'SCRIVA', 'CodNaturaGiuridica', 'N1', 'N1',      current_timestamp, 'SISTEMA', current_timestamp, 'SISTEMA', gen_random_uuid ());
INSERT INTO risca_d_mappa_fonte_esterna (id_mappa_fonte_esterna, cod_fonte_esterna, info_fonte, cod_fonte, cod_risca, gest_data_ins, gest_attore_ins, gest_data_upd, gest_attore_upd, gest_uid) VALUES(2, 'SCRIVA', 'CodNaturaGiuridica', 'N2', 'N2',      current_timestamp, 'SISTEMA', current_timestamp, 'SISTEMA', gen_random_uuid ());
INSERT INTO risca_d_mappa_fonte_esterna (id_mappa_fonte_esterna, cod_fonte_esterna, info_fonte, cod_fonte, cod_risca, gest_data_ins, gest_attore_ins, gest_data_upd, gest_attore_upd, gest_uid) VALUES(3, 'SCRIVA', 'CodNaturaGiuridica', 'N3', 'N3',      current_timestamp, 'SISTEMA', current_timestamp, 'SISTEMA', gen_random_uuid ());
INSERT INTO risca_d_mappa_fonte_esterna (id_mappa_fonte_esterna, cod_fonte_esterna, info_fonte, cod_fonte, cod_risca, gest_data_ins, gest_attore_ins, gest_data_upd, gest_attore_upd, gest_uid) VALUES(4, 'SCRIVA', 'CodNaturaGiuridica', 'N4', 'N4',      current_timestamp, 'SISTEMA', current_timestamp, 'SISTEMA', gen_random_uuid ());
INSERT INTO risca_d_mappa_fonte_esterna (id_mappa_fonte_esterna, cod_fonte_esterna, info_fonte, cod_fonte, cod_risca, gest_data_ins, gest_attore_ins, gest_data_upd, gest_attore_upd, gest_uid) VALUES(5, 'SCRIVA', 'CodNaturaGiuridica', 'N5', 'N5',      current_timestamp, 'SISTEMA', current_timestamp, 'SISTEMA', gen_random_uuid ());
INSERT INTO risca_d_mappa_fonte_esterna (id_mappa_fonte_esterna, cod_fonte_esterna, info_fonte, cod_fonte, cod_risca, gest_data_ins, gest_attore_ins, gest_data_upd, gest_attore_upd, gest_uid) VALUES(6, 'SCRIVA', 'CodNaturaGiuridica', 'N6', 'N6',      current_timestamp, 'SISTEMA', current_timestamp, 'SISTEMA', gen_random_uuid ());
INSERT INTO risca_d_mappa_fonte_esterna (id_mappa_fonte_esterna, cod_fonte_esterna, info_fonte, cod_fonte, cod_risca, gest_data_ins, gest_attore_ins, gest_data_upd, gest_attore_upd, gest_uid) VALUES(7, 'SCRIVA', 'CodNaturaGiuridica', 'N7', 'N7',      current_timestamp, 'SISTEMA', current_timestamp, 'SISTEMA', gen_random_uuid ());
INSERT INTO risca_d_mappa_fonte_esterna (id_mappa_fonte_esterna, cod_fonte_esterna, info_fonte, cod_fonte, cod_risca, gest_data_ins, gest_attore_ins, gest_data_upd, gest_attore_upd, gest_uid) VALUES(8, 'SCRIVA', 'CodNaturaGiuridica', 'N8', 'N8',      current_timestamp, 'SISTEMA', current_timestamp, 'SISTEMA', gen_random_uuid ());
INSERT INTO risca_d_mappa_fonte_esterna (id_mappa_fonte_esterna, cod_fonte_esterna, info_fonte, cod_fonte, cod_risca, gest_data_ins, gest_attore_ins, gest_data_upd, gest_attore_upd, gest_uid) VALUES(9, 'SCRIVA', 'CodNaturaGiuridica', 'N9', 'NA',      current_timestamp, 'SISTEMA', current_timestamp, 'SISTEMA', gen_random_uuid ());
INSERT INTO risca_d_mappa_fonte_esterna (id_mappa_fonte_esterna, cod_fonte_esterna, info_fonte, cod_fonte, cod_risca, gest_data_ins, gest_attore_ins, gest_data_upd, gest_attore_upd, gest_uid) VALUES(10, 'SCRIVA', 'CodNaturaGiuridica', 'N10', 'NB',    current_timestamp, 'SISTEMA', current_timestamp, 'SISTEMA', gen_random_uuid ());
INSERT INTO risca_d_mappa_fonte_esterna (id_mappa_fonte_esterna, cod_fonte_esterna, info_fonte, cod_fonte, cod_risca, gest_data_ins, gest_attore_ins, gest_data_upd, gest_attore_upd, gest_uid) VALUES(11, 'SCRIVA', 'CodNaturaGiuridica', 'N11', 'NC',    current_timestamp, 'SISTEMA', current_timestamp, 'SISTEMA', gen_random_uuid ());
INSERT INTO risca_d_mappa_fonte_esterna (id_mappa_fonte_esterna, cod_fonte_esterna, info_fonte, cod_fonte, cod_risca, gest_data_ins, gest_attore_ins, gest_data_upd, gest_attore_upd, gest_uid) VALUES(12, 'SCRIVA', 'CodNaturaGiuridica', 'N12', 'ND',    current_timestamp, 'SISTEMA', current_timestamp, 'SISTEMA', gen_random_uuid ());
INSERT INTO risca_d_mappa_fonte_esterna (id_mappa_fonte_esterna, cod_fonte_esterna, info_fonte, cod_fonte, cod_risca, gest_data_ins, gest_attore_ins, gest_data_upd, gest_attore_upd, gest_uid) VALUES(13, 'SCRIVA', 'CodNaturaGiuridica', 'N13', 'NE',    current_timestamp, 'SISTEMA', current_timestamp, 'SISTEMA', gen_random_uuid ());
INSERT INTO risca_d_mappa_fonte_esterna (id_mappa_fonte_esterna, cod_fonte_esterna, info_fonte, cod_fonte, cod_risca, gest_data_ins, gest_attore_ins, gest_data_upd, gest_attore_upd, gest_uid) VALUES(14, 'SCRIVA', 'CodTipoSoggetto', 'PF', 'PF',        current_timestamp, 'SISTEMA', current_timestamp, 'SISTEMA', gen_random_uuid ());
INSERT INTO risca_d_mappa_fonte_esterna (id_mappa_fonte_esterna, cod_fonte_esterna, info_fonte, cod_fonte, cod_risca, gest_data_ins, gest_attore_ins, gest_data_upd, gest_attore_upd, gest_uid) VALUES(15, 'SCRIVA', 'CodTipoSoggetto', 'PG', 'PG',        current_timestamp, 'SISTEMA', current_timestamp, 'SISTEMA', gen_random_uuid ());
INSERT INTO risca_d_mappa_fonte_esterna (id_mappa_fonte_esterna, cod_fonte_esterna, info_fonte, cod_fonte, cod_risca, gest_data_ins, gest_attore_ins, gest_data_upd, gest_attore_upd, gest_uid) VALUES(16, 'SCRIVA', 'CodTipoSoggetto', 'PB', 'PB',        current_timestamp, 'SISTEMA', current_timestamp, 'SISTEMA', gen_random_uuid ());
INSERT INTO risca_d_mappa_fonte_esterna (id_mappa_fonte_esterna, cod_fonte_esterna, info_fonte, cod_fonte, cod_risca, gest_data_ins, gest_attore_ins, gest_data_upd, gest_attore_upd, gest_uid) VALUES(17, 'SCRIVA', 'CodNaturaGiuridica', 'N14', 'NF',    current_timestamp, 'SISTEMA', current_timestamp, 'SISTEMA', gen_random_uuid ());


-- risca_d_profilo_pa
INSERT INTO risca_d_profilo_pa (id_profilo_pa, cod_profilo_pa, des_profilo_pa, gest_data_ins, gest_attore_ins, gest_data_upd, gest_attore_upd, gest_uid) VALUES(1, 'AMMINISTRATORE', 'Amministratore',                      current_timestamp, 'SISTEMA', current_timestamp, 'SISTEMA', gen_random_uuid ());
INSERT INTO risca_d_profilo_pa (id_profilo_pa, cod_profilo_pa, des_profilo_pa, gest_data_ins, gest_attore_ins, gest_data_upd, gest_attore_upd, gest_uid) VALUES(2, 'GESTORE_BASE', 'Gestore con privilegi di base',         current_timestamp, 'SISTEMA', current_timestamp, 'SISTEMA', gen_random_uuid ());
INSERT INTO risca_d_profilo_pa (id_profilo_pa, cod_profilo_pa, des_profilo_pa, gest_data_ins, gest_attore_ins, gest_data_upd, gest_attore_upd, gest_uid) VALUES(3, 'GESTORE_DATI', 'Gestore con privilegi sui dati',        current_timestamp, 'SISTEMA', current_timestamp, 'SISTEMA', gen_random_uuid ());
INSERT INTO risca_d_profilo_pa (id_profilo_pa, cod_profilo_pa, des_profilo_pa, gest_data_ins, gest_attore_ins, gest_data_upd, gest_attore_upd, gest_uid) VALUES(4, 'CONSULTATORE', 'Consultatore',                          current_timestamp, 'SISTEMA', current_timestamp, 'SISTEMA', gen_random_uuid ());
INSERT INTO risca_d_profilo_pa (id_profilo_pa, cod_profilo_pa, des_profilo_pa, gest_data_ins, gest_attore_ins, gest_data_upd, gest_attore_upd, gest_uid) VALUES(5, 'SCRIVA', '---- profilo del servizio app SCRIVA ----',   current_timestamp, 'SISTEMA', current_timestamp, 'SISTEMA', gen_random_uuid ());


-- risca_d_tipo_area_competenza
INSERT INTO risca_d_tipo_area_competenza (id_tipo_area_competenza, cod_tipo_area_competenza, des_tipo_area_competenza, gest_data_ins, gest_attore_ins, gest_data_upd, gest_attore_upd, gest_uid) VALUES(1, 'PROV', 'Provincia di Competenza',  current_timestamp, 'SISTEMA', current_timestamp, 'SISTEMA', gen_random_uuid ());
INSERT INTO risca_d_tipo_area_competenza (id_tipo_area_competenza, cod_tipo_area_competenza, des_tipo_area_competenza, gest_data_ins, gest_attore_ins, gest_data_upd, gest_attore_upd, gest_uid) VALUES(2, 'COMU', 'Comune di Competenza',     current_timestamp, 'SISTEMA', current_timestamp, 'SISTEMA', gen_random_uuid ());
INSERT INTO risca_d_tipo_area_competenza (id_tipo_area_competenza, cod_tipo_area_competenza, des_tipo_area_competenza, gest_data_ins, gest_attore_ins, gest_data_upd, gest_attore_upd, gest_uid) VALUES(3, 'ENPA', 'Ente Parco di Competenza', current_timestamp, 'SISTEMA', current_timestamp, 'SISTEMA', gen_random_uuid ());


COMMIT;